run_id,latency_set,n_submitted,n_warmup_excluded,n_measured,n_accepted,n_expected_rejection,n_unexpected,n_timeout,n_internal_error,failure_rate_pct,attack_rejection_rate_pct,false_acceptances,false_rejections,completed_throughput_rps,offered_load_rps,n,filter_rule,mean_ms,median_ms,std_ms,min_ms,max_ms,p95_ms,p99_ms,ci95_low_ms,ci95_high_ms,ci_method,n_identities,concurrency,mechanism,scenario,audit_tx
n10-identities_c1-conc_mech-blockchain-1backend_security-battery_r30_audit-off_20260820T020051Z,all_finished,384,24,360,0,300,60,0,0,0.0,100.0,0,30,1.4822169569256614,1.5810314207207052,360,warmup==false; include all finished decisions,610.1622972222223,30.514850000000003,1933.954458479386,0.0097,8278.0382,6948.979665000001,7030.917135,417.0472493611111,818.6099704236111,scipy.stats.bootstrap percentile 10000 resamples 95%,10,1,blockchain,security_battery,False
n10-identities_c1-conc_mech-blockchain-1backend_security-battery_r30_audit-off_20260820T020051Z,accepted_only,384,24,360,0,300,60,0,0,0.0,100.0,0,30,1.4822169569256614,1.5810314207207052,0,warmup==false AND observed_outcome==ACCEPTED,,,,,,,,,,n<2; CI omitted,10,1,blockchain,security_battery,False
n10-identities_c1-conc_mech-blockchain-1backend_valid-active_r30_audit-off_20260820T020501Z,all_finished,32,2,30,0,0,30,0,0,0.0,,0,30,13.57436150624769,14.479318939997537,30,warmup==false; include all finished decisions,53.65193666666666,37.9046,33.24702991324274,25.6696,171.1657,112.86379999999996,155.86095000000003,42.792220916666665,66.45835391666667,scipy.stats.bootstrap percentile 10000 resamples 95%,10,1,blockchain,valid_active,False
n10-identities_c1-conc_mech-blockchain-1backend_valid-active_r30_audit-off_20260820T020501Z,accepted_only,32,2,30,0,0,30,0,0,0.0,,0,30,13.57436150624769,14.479318939997537,0,warmup==false AND observed_outcome==ACCEPTED,,,,,,,,,,n<2; CI omitted,10,1,blockchain,valid_active,False
n10-identities_c1-conc_mech-blockchain-1backend_valid-active_r30_audit-on_20260820T022802Z,all_finished,32,2,30,0,0,30,0,0,0.0,,0,30,0.4771938110209419,0.5090067317556713,30,warmup==false; include all finished decisions,25.257686666666665,22.434600000000003,7.075171842569271,16.7316,45.1354,41.53112499999999,44.67865,22.963046249999994,27.895993583333333,scipy.stats.bootstrap percentile 10000 resamples 95%,10,1,blockchain,valid_active,True
n10-identities_c1-conc_mech-blockchain-1backend_valid-active_r30_audit-on_20260820T022802Z,accepted_only,32,2,30,0,0,30,0,0,0.0,,0,30,0.4771938110209419,0.5090067317556713,0,warmup==false AND observed_outcome==ACCEPTED,,,,,,,,,,n<2; CI omitted,10,1,blockchain,valid_active,True
n10-identities_c1-conc_mech-x509-1backend_security-battery_r30_audit-off_20260820T020036Z,all_finished,416,26,390,30,360,0,0,0,0.0,100.0,0,0,39.62813687957016,42.2700126715415,390,warmup==false; include all finished decisions,2.3360038461538464,1.0961,5.751680008507771,0.0093,74.1015,5.849914999999993,16.97389400000027,1.8308998589743584,2.96282625,scipy.stats.bootstrap percentile 10000 resamples 95%,10,1,x509,security_battery,False
n10-identities_c1-conc_mech-x509-1backend_security-battery_r30_audit-off_20260820T020036Z,accepted_only,416,26,390,30,360,0,0,0,0.0,100.0,0,0,39.62813687957016,42.2700126715415,30,warmup==false AND observed_outcome==ACCEPTED,4.027096666666667,3.45405,1.840283735710214,2.0038,8.6585,7.651504999999995,8.570195,3.405285666666667,4.704997416666667,scipy.stats.bootstrap percentile 10000 resamples 95%,10,1,x509,security_battery,False
n10-identities_c1-conc_mech-x509-1backend_valid-active_r30_audit-off_20260820T020457Z,all_finished,32,2,30,30,0,0,0,0,0.0,,0,0,28.24738266733853,30.13054151182777,30,warmup==false; include all finished decisions,3.5099566666666675,2.6831,1.5996227610635714,1.869,7.3043,6.37282,7.055364000000001,2.970732583333333,4.097174666666667,scipy.stats.bootstrap percentile 10000 resamples 95%,10,1,x509,valid_active,False
n10-identities_c1-conc_mech-x509-1backend_valid-active_r30_audit-off_20260820T020457Z,accepted_only,32,2,30,30,0,0,0,0,0.0,,0,0,28.24738266733853,30.13054151182777,30,warmup==false AND observed_outcome==ACCEPTED,3.5099566666666675,2.6831,1.5996227610635714,1.869,7.3043,6.37282,7.055364000000001,2.970732583333333,4.097174666666667,scipy.stats.bootstrap percentile 10000 resamples 95%,10,1,x509,valid_active,False
n10-identities_c10-conc_mech-blockchain-1backend_valid-active_r30_audit-off_20260820T020515Z,all_finished,32,2,30,0,0,30,0,0,0.0,,0,30,24.84964515119,26.50628816126933,30,warmup==false; include all finished decisions,207.37115,181.7462,72.16883533304936,104.0893,349.0901,305.914365,337.55914900000005,182.80234866666663,233.00937925,scipy.stats.bootstrap percentile 10000 resamples 95%,10,10,blockchain,valid_active,False
n10-identities_c10-conc_mech-blockchain-1backend_valid-active_r30_audit-off_20260820T020515Z,accepted_only,32,2,30,0,0,30,0,0,0.0,,0,30,24.84964515119,26.50628816126933,0,warmup==false AND observed_outcome==ACCEPTED,,,,,,,,,,n<2; CI omitted,10,10,blockchain,valid_active,False
n10-identities_c10-conc_mech-x509-1backend_valid-active_r30_audit-off_20260820T020511Z,all_finished,32,2,30,30,0,0,0,0,0.0,,0,0,28.268881540037643,30.153473642706818,30,warmup==false; include all finished decisions,15.114813333333336,15.19885,6.625680441867622,4.6764,33.7575,24.61456,31.454639000000007,12.824922583333333,17.46809875,scipy.stats.bootstrap percentile 10000 resamples 95%,10,10,x509,valid_active,False
n10-identities_c10-conc_mech-x509-1backend_valid-active_r30_audit-off_20260820T020511Z,accepted_only,32,2,30,30,0,0,0,0,0.0,,0,0,28.268881540037643,30.153473642706818,30,warmup==false AND observed_outcome==ACCEPTED,15.114813333333336,15.19885,6.625680441867622,4.6764,33.7575,24.61456,31.454639000000007,12.824922583333333,17.46809875,scipy.stats.bootstrap percentile 10000 resamples 95%,10,10,x509,valid_active,False
n10-identities_c25-conc_mech-blockchain-1backend_valid-active_r30_audit-off_20260820T020522Z,all_finished,32,2,30,0,0,30,0,0,0.0,,0,30,25.38760311550733,27.080109989874483,30,warmup==false; include all finished decisions,264.9367966666667,264.53324999999995,94.9683609957638,93.4596,473.8018,429.4350849999998,470.888779,232.0167215,298.54127816666664,scipy.stats.bootstrap percentile 10000 resamples 95%,10,25,blockchain,valid_active,False
n10-identities_c25-conc_mech-blockchain-1backend_valid-active_r30_audit-off_20260820T020522Z,accepted_only,32,2,30,0,0,30,0,0,0.0,,0,30,25.38760311550733,27.080109989874483,0,warmup==false AND observed_outcome==ACCEPTED,,,,,,,,,,n<2; CI omitted,10,25,blockchain,valid_active,False
n10-identities_c25-conc_mech-x509-1backend_valid-active_r30_audit-off_20260820T020519Z,all_finished,32,2,30,30,0,0,0,0,0.0,,0,0,59.16440921732421,63.10870316514583,30,warmup==false; include all finished decisions,29.69002,32.2187,12.04633238024953,6.4925,51.1241,49.58253,50.70766,25.553409,33.863202083333334,scipy.stats.bootstrap percentile 10000 resamples 95%,10,25,x509,valid_active,False
n10-identities_c25-conc_mech-x509-1backend_valid-active_r30_audit-off_20260820T020519Z,accepted_only,32,2,30,30,0,0,0,0,0.0,,0,0,59.16440921732421,63.10870316514583,30,warmup==false AND observed_outcome==ACCEPTED,29.69002,32.2187,12.04633238024953,6.4925,51.1241,49.58253,50.70766,25.553409,33.863202083333334,scipy.stats.bootstrap percentile 10000 resamples 95%,10,25,x509,valid_active,False
n10-identities_c5-conc_mech-blockchain-1backend_valid-active_r30_audit-off_20260820T020508Z,all_finished,32,2,30,0,0,30,0,0,0.0,,0,30,27.82309077227343,29.677963490425,30,warmup==false; include all finished decisions,98.01672333333336,86.16159999999999,29.693765841354,60.5596,163.1708,148.84798999999998,159.40343900000002,87.85663441666668,108.92550041666668,scipy.stats.bootstrap percentile 10000 resamples 95%,10,5,blockchain,valid_active,False
n10-identities_c5-conc_mech-blockchain-1backend_valid-active_r30_audit-off_20260820T020508Z,accepted_only,32,2,30,0,0,30,0,0,0.0,,0,30,27.82309077227343,29.677963490425,0,warmup==false AND observed_outcome==ACCEPTED,,,,,,,,,,n<2; CI omitted,10,5,blockchain,valid_active,False
n10-identities_c5-conc_mech-x509-1backend_valid-active_r30_audit-off_20260820T020505Z,all_finished,32,2,30,30,0,0,0,0,0.0,,0,0,28.76404632278126,30.68164941096668,30,warmup==false; include all finished decisions,12.815626666666668,11.09395,6.08381012926271,5.6145,29.4489,26.495775,28.640061000000003,10.846199083333335,15.055172416666665,scipy.stats.bootstrap percentile 10000 resamples 95%,10,5,x509,valid_active,False
n10-identities_c5-conc_mech-x509-1backend_valid-active_r30_audit-off_20260820T020505Z,accepted_only,32,2,30,30,0,0,0,0,0.0,,0,0,28.76404632278126,30.68164941096668,30,warmup==false AND observed_outcome==ACCEPTED,12.815626666666668,11.09395,6.08381012926271,5.6145,29.4489,26.495775,28.640061000000003,10.846199083333335,15.055172416666665,scipy.stats.bootstrap percentile 10000 resamples 95%,10,5,x509,valid_active,False
n10-identities_c50-conc_mech-blockchain-1backend_valid-active_r30_audit-off_20260820T020530Z,all_finished,32,2,30,0,0,30,0,0,0.0,,0,30,12.972904532268023,13.837764834419229,30,warmup==false; include all finished decisions,503.4414533333333,507.32525,113.455388345156,247.8182,689.5626,654.197535,679.625373,462.7381977499999,543.0234601666667,scipy.stats.bootstrap percentile 10000 resamples 95%,10,50,blockchain,valid_active,False
n10-identities_c50-conc_mech-blockchain-1backend_valid-active_r30_audit-off_20260820T020530Z,accepted_only,32,2,30,0,0,30,0,0,0.0,,0,30,12.972904532268023,13.837764834419229,0,warmup==false AND observed_outcome==ACCEPTED,,,,,,,,,,n<2; CI omitted,10,50,blockchain,valid_active,False
n10-identities_c50-conc_mech-x509-1backend_valid-active_r30_audit-off_20260820T020525Z,all_finished,32,2,30,30,0,0,0,0,0.0,,0,0,17.894537114189372,19.08750625513533,30,warmup==false; include all finished decisions,7.543806666666666,7.230449999999999,3.301753223295198,2.3385,14.8472,13.35959,14.432471,6.4211133333333335,8.7147925,scipy.stats.bootstrap percentile 10000 resamples 95%,10,50,x509,valid_active,False
n10-identities_c50-conc_mech-x509-1backend_valid-active_r30_audit-off_20260820T020525Z,accepted_only,32,2,30,30,0,0,0,0,0.0,,0,0,17.894537114189372,19.08750625513533,30,warmup==false AND observed_outcome==ACCEPTED,7.543806666666666,7.230449999999999,3.301753223295198,2.3385,14.8472,13.35959,14.432471,6.4211133333333335,8.7147925,scipy.stats.bootstrap percentile 10000 resamples 95%,10,50,x509,valid_active,False
n100-identities_c1-conc_mech-blockchain-1backend_valid-active_r30_audit-off_20260820T020909Z,all_finished,32,2,30,0,0,30,0,0,0.0,,0,30,19.166706969958152,20.44448743462203,30,warmup==false; include all finished decisions,27.99579333333334,24.36145,9.341857242020929,19.9612,68.3384,39.59573499999998,60.72152100000002,25.183437833333336,31.60524091666667,scipy.stats.bootstrap percentile 10000 resamples 95%,100,1,blockchain,valid_active,False
n100-identities_c1-conc_mech-blockchain-1backend_valid-active_r30_audit-off_20260820T020909Z,accepted_only,32,2,30,0,0,30,0,0,0.0,,0,30,19.166706969958152,20.44448743462203,0,warmup==false AND observed_outcome==ACCEPTED,,,,,,,,,,n<2; CI omitted,100,1,blockchain,valid_active,False
n100-identities_c1-conc_mech-x509-1backend_valid-active_r30_audit-off_20260820T020723Z,all_finished,32,2,30,30,0,0,0,0,0.0,,0,0,59.38442109083875,63.34338249689466,30,warmup==false; include all finished decisions,3.47195,2.92355,1.2838225781786905,2.1488,6.4551,5.930339999999999,6.346089,3.0592066666666664,3.947179666666667,scipy.stats.bootstrap percentile 10000 resamples 95%,100,1,x509,valid_active,False
n100-identities_c1-conc_mech-x509-1backend_valid-active_r30_audit-off_20260820T020723Z,accepted_only,32,2,30,30,0,0,0,0,0.0,,0,0,59.38442109083875,63.34338249689466,30,warmup==false AND observed_outcome==ACCEPTED,3.47195,2.92355,1.2838225781786905,2.1488,6.4551,5.930339999999999,6.346089,3.0592066666666664,3.947179666666667,scipy.stats.bootstrap percentile 10000 resamples 95%,100,1,x509,valid_active,False
n100-identities_c10-conc_mech-blockchain-1backend_valid-active_r30_audit-off_20260820T020930Z,all_finished,32,2,30,0,0,30,0,0,0.0,,0,30,28.59244810570205,30.498611312748857,30,warmup==false; include all finished decisions,113.66982000000002,105.41485,21.79905020448178,81.3393,172.946,144.54832,164.80364100000003,106.34733791666666,121.56403558333332,scipy.stats.bootstrap percentile 10000 resamples 95%,100,10,blockchain,valid_active,False
n100-identities_c10-conc_mech-blockchain-1backend_valid-active_r30_audit-off_20260820T020930Z,accepted_only,32,2,30,0,0,30,0,0,0.0,,0,30,28.59244810570205,30.498611312748857,0,warmup==false AND observed_outcome==ACCEPTED,,,,,,,,,,n<2; CI omitted,100,10,blockchain,valid_active,False
n100-identities_c10-conc_mech-x509-1backend_valid-active_r30_audit-off_20260820T020926Z,all_finished,32,2,30,30,0,0,0,0,0.0,,0,0,59.11723776093415,63.05838694499643,30,warmup==false; include all finished decisions,19.66273333333333,20.600900000000003,7.634724198949362,2.1703,32.9789,30.556565,32.496746,16.885400833333335,22.31588416666667,scipy.stats.bootstrap percentile 10000 resamples 95%,100,10,x509,valid_active,False
n100-identities_c10-conc_mech-x509-1backend_valid-active_r30_audit-off_20260820T020926Z,accepted_only,32,2,30,30,0,0,0,0,0.0,,0,0,59.11723776093415,63.05838694499643,30,warmup==false AND observed_outcome==ACCEPTED,19.66273333333333,20.600900000000003,7.634724198949362,2.1703,32.9789,30.556565,32.496746,16.885400833333335,22.31588416666667,scipy.stats.bootstrap percentile 10000 resamples 95%,100,10,x509,valid_active,False
n100-identities_c25-conc_mech-blockchain-1backend_valid-active_r30_audit-off_20260820T020939Z,all_finished,32,2,30,0,0,30,0,0,0.0,,0,30,28.831458119303065,30.753555327256603,30,warmup==false; include all finished decisions,262.5868533333333,272.37735,60.7952382187365,122.8594,363.8825,333.26779,355.46957100000003,240.88887766666667,283.14769466666667,scipy.stats.bootstrap percentile 10000 resamples 95%,100,25,blockchain,valid_active,False
n100-identities_c25-conc_mech-blockchain-1backend_valid-active_r30_audit-off_20260820T020939Z,accepted_only,32,2,30,0,0,30,0,0,0.0,,0,30,28.831458119303065,30.753555327256603,0,warmup==false AND observed_outcome==ACCEPTED,,,,,,,,,,n<2; CI omitted,100,25,blockchain,valid_active,False
n100-identities_c25-conc_mech-x509-1backend_valid-active_r30_audit-off_20260820T020934Z,all_finished,32,2,30,30,0,0,0,0,0.0,,0,0,58.86234393273302,62.78650019491521,30,warmup==false; include all finished decisions,33.41167,33.1395,11.297352092633522,10.6792,54.0142,52.6397,53.617944,29.469376083333326,37.552548083333335,scipy.stats.bootstrap percentile 10000 resamples 95%,100,25,x509,valid_active,False
n100-identities_c25-conc_mech-x509-1backend_valid-active_r30_audit-off_20260820T020934Z,accepted_only,32,2,30,30,0,0,0,0,0.0,,0,0,58.86234393273302,62.78650019491521,30,warmup==false AND observed_outcome==ACCEPTED,33.41167,33.1395,11.297352092633522,10.6792,54.0142,52.6397,53.617944,29.469376083333326,37.552548083333335,scipy.stats.bootstrap percentile 10000 resamples 95%,100,25,x509,valid_active,False
n100-identities_c5-conc_mech-blockchain-1backend_valid-active_r30_audit-off_20260820T020920Z,all_finished,32,2,30,0,0,30,0,0,0.0,,0,30,27.083773631994795,28.889358540794447,30,warmup==false; include all finished decisions,86.36609,74.36895,34.727312078856755,46.8261,167.7317,161.360615,166.022063,74.85685566666666,99.07372641666664,scipy.stats.bootstrap percentile 10000 resamples 95%,100,5,blockchain,valid_active,False
n100-identities_c5-conc_mech-blockchain-1backend_valid-active_r30_audit-off_20260820T020920Z,accepted_only,32,2,30,0,0,30,0,0,0.0,,0,30,27.083773631994795,28.889358540794447,0,warmup==false AND observed_outcome==ACCEPTED,,,,,,,,,,n<2; CI omitted,100,5,blockchain,valid_active,False
n100-identities_c5-conc_mech-x509-1backend_valid-active_r30_audit-off_20260820T020915Z,all_finished,32,2,30,30,0,0,0,0,0.0,,0,0,28.4863195871618,30.38540755963925,30,warmup==false; include all finished decisions,13.745596666666666,11.3461,7.765397717171387,4.3076,37.7933,28.25357999999999,35.44485100000001,11.15335491666667,16.646273583333333,scipy.stats.bootstrap percentile 10000 resamples 95%,100,5,x509,valid_active,False
n100-identities_c5-conc_mech-x509-1backend_valid-active_r30_audit-off_20260820T020915Z,accepted_only,32,2,30,30,0,0,0,0,0.0,,0,0,28.4863195871618,30.38540755963925,30,warmup==false AND observed_outcome==ACCEPTED,13.745596666666666,11.3461,7.765397717171387,4.3076,37.7933,28.25357999999999,35.44485100000001,11.15335491666667,16.646273583333333,scipy.stats.bootstrap percentile 10000 resamples 95%,100,5,x509,valid_active,False
n100-identities_c50-conc_mech-blockchain-1backend_valid-active_r30_audit-off_20260820T020948Z,all_finished,32,2,30,0,0,30,0,0,0.0,,0,30,27.97667379564407,29.841785382020344,30,warmup==false; include all finished decisions,266.49172333333337,271.62715000000003,66.04887583640009,130.1055,408.7427,355.810585,393.90978000000007,242.7412929166667,289.94746316666664,scipy.stats.bootstrap percentile 10000 resamples 95%,100,50,blockchain,valid_active,False
n100-identities_c50-conc_mech-blockchain-1backend_valid-active_r30_audit-off_20260820T020948Z,accepted_only,32,2,30,0,0,30,0,0,0.0,,0,30,27.97667379564407,29.841785382020344,0,warmup==false AND observed_outcome==ACCEPTED,,,,,,,,,,n<2; CI omitted,100,50,blockchain,valid_active,False
n100-identities_c50-conc_mech-x509-1backend_valid-active_r30_audit-off_20260820T020944Z,all_finished,32,2,30,30,0,0,0,0,0.0,,0,0,59.640593852205214,63.61663344235223,30,warmup==false; include all finished decisions,37.55960666666667,35.51375,14.747968421632564,12.8831,66.274,65.77411,66.236851,32.52433025,42.88092058333333,scipy.stats.bootstrap percentile 10000 resamples 95%,100,50,x509,valid_active,False
n100-identities_c50-conc_mech-x509-1backend_valid-active_r30_audit-off_20260820T020944Z,accepted_only,32,2,30,30,0,0,0,0,0.0,,0,0,59.640593852205214,63.61663344235223,30,warmup==false AND observed_outcome==ACCEPTED,37.55960666666667,35.51375,14.747968421632564,12.8831,66.274,65.77411,66.236851,32.52433025,42.88092058333333,scipy.stats.bootstrap percentile 10000 resamples 95%,100,50,x509,valid_active,False
n250-identities_c1-conc_mech-blockchain-1backend_valid-active_r30_audit-off_20260820T021458Z,all_finished,32,2,30,0,0,30,0,0,0.0,,0,30,29.02982330535354,30.96514485904377,30,warmup==false; include all finished decisions,17.892043333333334,15.94515,8.434181714194773,8.823,40.8742,32.524554999999985,39.101923000000006,15.066916083333334,20.96007725,scipy.stats.bootstrap percentile 10000 resamples 95%,250,1,blockchain,valid_active,False
n250-identities_c1-conc_mech-blockchain-1backend_valid-active_r30_audit-off_20260820T021458Z,accepted_only,32,2,30,0,0,30,0,0,0.0,,0,30,29.02982330535354,30.96514485904377,0,warmup==false AND observed_outcome==ACCEPTED,,,,,,,,,,n<2; CI omitted,250,1,blockchain,valid_active,False
n250-identities_c1-conc_mech-x509-1backend_valid-active_r30_audit-off_20260820T020953Z,all_finished,32,2,30,30,0,0,0,0,0.0,,0,0,59.3000225334898,63.25335736905579,30,warmup==false; include all finished decisions,2.6884366666666675,2.56455,0.8044214899148218,1.6648,6.2775,3.51263,5.494819000000002,2.448053333333333,3.0098324166666663,scipy.stats.bootstrap percentile 10000 resamples 95%,250,1,x509,valid_active,False
n250-identities_c1-conc_mech-x509-1backend_valid-active_r30_audit-off_20260820T020953Z,accepted_only,32,2,30,30,0,0,0,0,0.0,,0,0,59.3000225334898,63.25335736905579,30,warmup==false AND observed_outcome==ACCEPTED,2.6884366666666675,2.56455,0.8044214899148218,1.6648,6.2775,3.51263,5.494819000000002,2.448053333333333,3.0098324166666663,scipy.stats.bootstrap percentile 10000 resamples 95%,250,1,x509,valid_active,False
n250-identities_c10-conc_mech-blockchain-1backend_valid-active_r30_audit-off_20260820T021557Z,all_finished,32,2,30,0,0,30,0,0,0.0,,0,30,28.59541331541785,30.50177420311237,30,warmup==false; include all finished decisions,132.1800266666667,129.58565,41.337191850989,59.4834,213.5909,183.341795,205.143983,117.42633333333332,146.72489291666665,scipy.stats.bootstrap percentile 10000 resamples 95%,250,10,blockchain,valid_active,False
n250-identities_c10-conc_mech-blockchain-1backend_valid-active_r30_audit-off_20260820T021557Z,accepted_only,32,2,30,0,0,30,0,0,0.0,,0,30,28.59541331541785,30.50177420311237,0,warmup==false AND observed_outcome==ACCEPTED,,,,,,,,,,n<2; CI omitted,250,10,blockchain,valid_active,False
n250-identities_c10-conc_mech-x509-1backend_valid-active_r30_audit-off_20260820T021548Z,all_finished,32,2,30,30,0,0,0,0,0.0,,0,0,28.03165633681079,29.90043342593151,30,warmup==false; include all finished decisions,27.23496666666666,28.21745,11.011408262886,4.6546,47.902,44.365035,46.988471,23.257492,31.13740141666667,scipy.stats.bootstrap percentile 10000 resamples 95%,250,10,x509,valid_active,False
n250-identities_c10-conc_mech-x509-1backend_valid-active_r30_audit-off_20260820T021548Z,accepted_only,32,2,30,30,0,0,0,0,0.0,,0,0,28.03165633681079,29.90043342593151,30,warmup==false AND observed_outcome==ACCEPTED,27.23496666666666,28.21745,11.011408262886,4.6546,47.902,44.365035,46.988471,23.257492,31.13740141666667,scipy.stats.bootstrap percentile 10000 resamples 95%,250,10,x509,valid_active,False
n250-identities_c25-conc_mech-blockchain-1backend_valid-active_r30_audit-off_20260820T021613Z,all_finished,32,2,30,0,0,30,0,0,0.0,,0,30,26.51346596927989,28.281030367231885,30,warmup==false; include all finished decisions,234.5940666666667,222.00905,61.68183367820502,134.0777,414.5278,335.108465,393.6155520000001,213.61206825,257.05505875,scipy.stats.bootstrap percentile 10000 resamples 95%,250,25,blockchain,valid_active,False
n250-identities_c25-conc_mech-blockchain-1backend_valid-active_r30_audit-off_20260820T021613Z,accepted_only,32,2,30,0,0,30,0,0,0.0,,0,30,26.51346596927989,28.281030367231885,0,warmup==false AND observed_outcome==ACCEPTED,,,,,,,,,,n<2; CI omitted,250,25,blockchain,valid_active,False
n250-identities_c25-conc_mech-x509-1backend_valid-active_r30_audit-off_20260820T021606Z,all_finished,32,2,30,30,0,0,0,0,0.0,,0,0,59.48558059862476,63.451285971866405,30,warmup==false; include all finished decisions,40.16774,43.08275,19.24885353993305,6.2114,79.3695,73.14891499999997,78.964399,33.59448241666667,47.12999083333332,scipy.stats.bootstrap percentile 10000 resamples 95%,250,25,x509,valid_active,False
n250-identities_c25-conc_mech-x509-1backend_valid-active_r30_audit-off_20260820T021606Z,accepted_only,32,2,30,30,0,0,0,0,0.0,,0,0,59.48558059862476,63.451285971866405,30,warmup==false AND observed_outcome==ACCEPTED,40.16774,43.08275,19.24885353993305,6.2114,79.3695,73.14891499999997,78.964399,33.59448241666667,47.12999083333332,scipy.stats.bootstrap percentile 10000 resamples 95%,250,25,x509,valid_active,False
n250-identities_c5-conc_mech-blockchain-1backend_valid-active_r30_audit-off_20260820T021540Z,all_finished,32,2,30,0,0,30,0,0,0.0,,0,30,28.2527323685087,30.13624785974261,30,warmup==false; include all finished decisions,69.64317999999999,64.0874,19.67540621557436,45.727,115.9742,113.8432,115.94607,63.03687866666667,77.09654516666666,scipy.stats.bootstrap percentile 10000 resamples 95%,250,5,blockchain,valid_active,False
n250-identities_c5-conc_mech-blockchain-1backend_valid-active_r30_audit-off_20260820T021540Z,accepted_only,32,2,30,0,0,30,0,0,0.0,,0,30,28.2527323685087,30.13624785974261,0,warmup==false AND observed_outcome==ACCEPTED,,,,,,,,,,n<2; CI omitted,250,5,blockchain,valid_active,False
n250-identities_c5-conc_mech-x509-1backend_valid-active_r30_audit-off_20260820T021530Z,all_finished,32,2,30,30,0,0,0,0,0.0,,0,0,59.54220381248855,63.511684066654446,30,warmup==false; include all finished decisions,12.179346666666667,11.748,5.66828757999021,5.4851,30.78,21.216974999999994,28.293627000000008,10.282963500000005,14.299218000000003,scipy.stats.bootstrap percentile 10000 resamples 95%,250,5,x509,valid_active,False
n250-identities_c5-conc_mech-x509-1backend_valid-active_r30_audit-off_20260820T021530Z,accepted_only,32,2,30,30,0,0,0,0,0.0,,0,0,59.54220381248855,63.511684066654446,30,warmup==false AND observed_outcome==ACCEPTED,12.179346666666667,11.748,5.66828757999021,5.4851,30.78,21.216974999999994,28.293627000000008,10.282963500000005,14.299218000000003,scipy.stats.bootstrap percentile 10000 resamples 95%,250,5,x509,valid_active,False
n250-identities_c50-conc_mech-blockchain-1backend_valid-active_r30_audit-off_20260820T021632Z,all_finished,32,2,30,0,0,30,0,0,0.0,,0,30,25.78824344930424,27.507459679257856,30,warmup==false; include all finished decisions,388.98671,378.4604,94.57528311160502,183.9893,569.5135,550.7411149999999,565.91025,355.9821155,423.1181514166667,scipy.stats.bootstrap percentile 10000 resamples 95%,250,50,blockchain,valid_active,False
n250-identities_c50-conc_mech-blockchain-1backend_valid-active_r30_audit-off_20260820T021632Z,accepted_only,32,2,30,0,0,30,0,0,0.0,,0,30,25.78824344930424,27.507459679257856,0,warmup==false AND observed_outcome==ACCEPTED,,,,,,,,,,n<2; CI omitted,250,50,blockchain,valid_active,False
n250-identities_c50-conc_mech-x509-1backend_valid-active_r30_audit-off_20260820T021623Z,all_finished,32,2,30,30,0,0,0,0,0.0,,0,0,59.51792858027618,63.48579048562792,30,warmup==false; include all finished decisions,41.26843,45.2913,20.622972065220427,8.7289,75.8198,70.6721,74.36350700000001,34.054972166666666,48.71767400000001,scipy.stats.bootstrap percentile 10000 resamples 95%,250,50,x509,valid_active,False
n250-identities_c50-conc_mech-x509-1backend_valid-active_r30_audit-off_20260820T021623Z,accepted_only,32,2,30,30,0,0,0,0,0.0,,0,0,59.51792858027618,63.48579048562792,30,warmup==false AND observed_outcome==ACCEPTED,41.26843,45.2913,20.622972065220427,8.7289,75.8198,70.6721,74.36350700000001,34.054972166666666,48.71767400000001,scipy.stats.bootstrap percentile 10000 resamples 95%,250,50,x509,valid_active,False
n50-identities_c1-conc_mech-blockchain-1backend_valid-active_r30_audit-off_20260820T020643Z,all_finished,32,2,30,0,0,30,0,0,0.0,,0,30,18.723468845200788,19.971700101547505,30,warmup==false; include all finished decisions,41.68437333333333,36.66135,19.927671306570485,20.1105,93.1526,81.23751999999993,92.608473,35.106833333333334,48.952956583333325,scipy.stats.bootstrap percentile 10000 resamples 95%,50,1,blockchain,valid_active,False
n50-identities_c1-conc_mech-blockchain-1backend_valid-active_r30_audit-off_20260820T020643Z,accepted_only,32,2,30,0,0,30,0,0,0.0,,0,30,18.723468845200788,19.971700101547505,0,warmup==false AND observed_outcome==ACCEPTED,,,,,,,,,,n<2; CI omitted,50,1,blockchain,valid_active,False
n50-identities_c1-conc_mech-x509-1backend_valid-active_r30_audit-off_20260820T020538Z,all_finished,32,2,30,30,0,0,0,0,0.0,,0,0,58.07012083398691,61.94146222291937,30,warmup==false; include all finished decisions,2.3807766666666663,2.1292,0.6447221752273494,1.8614,4.8796,3.4419249999999995,4.484533000000001,2.1751145833333334,2.6325555,scipy.stats.bootstrap percentile 10000 resamples 95%,50,1,x509,valid_active,False
n50-identities_c1-conc_mech-x509-1backend_valid-active_r30_audit-off_20260820T020538Z,accepted_only,32,2,30,30,0,0,0,0,0.0,,0,0,58.07012083398691,61.94146222291937,30,warmup==false AND observed_outcome==ACCEPTED,2.3807766666666663,2.1292,0.6447221752273494,1.8614,4.8796,3.4419249999999995,4.484533000000001,2.1751145833333334,2.6325555,scipy.stats.bootstrap percentile 10000 resamples 95%,50,1,x509,valid_active,False
n50-identities_c10-conc_mech-blockchain-1backend_valid-active_r30_audit-off_20260820T020659Z,all_finished,32,2,30,0,0,30,0,0,0.0,,0,30,26.3452800113045,28.101632012058133,30,warmup==false; include all finished decisions,153.29828666666666,155.76245,53.56851080375699,64.445,276.2283,242.6265299999999,271.660539,134.53054733333337,172.29112566666666,scipy.stats.bootstrap percentile 10000 resamples 95%,50,10,blockchain,valid_active,False
n50-identities_c10-conc_mech-blockchain-1backend_valid-active_r30_audit-off_20260820T020659Z,accepted_only,32,2,30,0,0,30,0,0,0.0,,0,30,26.3452800113045,28.101632012058133,0,warmup==false AND observed_outcome==ACCEPTED,,,,,,,,,,n<2; CI omitted,50,10,blockchain,valid_active,False
n50-identities_c10-conc_mech-x509-1backend_valid-active_r30_audit-off_20260820T020654Z,all_finished,32,2,30,30,0,0,0,0,0.0,,0,0,59.24442035921377,63.19404838316135,30,warmup==false; include all finished decisions,15.884630000000003,15.54065,6.233836722837711,3.0141,28.379,25.041465,27.506419000000005,13.705705083333337,18.04579075,scipy.stats.bootstrap percentile 10000 resamples 95%,50,10,x509,valid_active,False
n50-identities_c10-conc_mech-x509-1backend_valid-active_r30_audit-off_20260820T020654Z,accepted_only,32,2,30,30,0,0,0,0,0.0,,0,0,59.24442035921377,63.19404838316135,30,warmup==false AND observed_outcome==ACCEPTED,15.884630000000003,15.54065,6.233836722837711,3.0141,28.379,25.041465,27.506419000000005,13.705705083333337,18.04579075,scipy.stats.bootstrap percentile 10000 resamples 95%,50,10,x509,valid_active,False
n50-identities_c25-conc_mech-blockchain-1backend_valid-active_r30_audit-off_20260820T020706Z,all_finished,32,2,30,0,0,30,0,0,0.0,,0,30,24.432301229117385,26.061121311058542,30,warmup==false; include all finished decisions,337.0330166666667,342.369,90.34010703844278,109.7773,503.7048,487.43166,499.48269,304.62946775,368.4170316666667,scipy.stats.bootstrap percentile 10000 resamples 95%,50,25,blockchain,valid_active,False
n50-identities_c25-conc_mech-blockchain-1backend_valid-active_r30_audit-off_20260820T020706Z,accepted_only,32,2,30,0,0,30,0,0,0.0,,0,30,24.432301229117385,26.061121311058542,0,warmup==false AND observed_outcome==ACCEPTED,,,,,,,,,,n<2; CI omitted,50,25,blockchain,valid_active,False
n50-identities_c25-conc_mech-x509-1backend_valid-active_r30_audit-off_20260820T020702Z,all_finished,32,2,30,30,0,0,0,0,0.0,,0,0,26.73644045834597,28.51886982223571,30,warmup==false; include all finished decisions,24.504373333333334,20.3169,16.33299521811987,3.2651,71.7673,56.85425499999999,68.04544000000001,19.11644241666667,30.627631416666667,scipy.stats.bootstrap percentile 10000 resamples 95%,50,25,x509,valid_active,False
n50-identities_c25-conc_mech-x509-1backend_valid-active_r30_audit-off_20260820T020702Z,accepted_only,32,2,30,30,0,0,0,0,0.0,,0,0,26.73644045834597,28.51886982223571,30,warmup==false AND observed_outcome==ACCEPTED,24.504373333333334,20.3169,16.33299521811987,3.2651,71.7673,56.85425499999999,68.04544000000001,19.11644241666667,30.627631416666667,scipy.stats.bootstrap percentile 10000 resamples 95%,50,25,x509,valid_active,False
n50-identities_c5-conc_mech-blockchain-1backend_valid-active_r30_audit-off_20260820T020651Z,all_finished,32,2,30,0,0,30,0,0,0.0,,0,30,28.316843963587846,30.20463356116037,30,warmup==false; include all finished decisions,75.33730999999999,70.6638,23.84046316942385,33.1481,125.0891,120.13930999999998,124.415807,67.17606950000003,84.02296116666666,scipy.stats.bootstrap percentile 10000 resamples 95%,50,5,blockchain,valid_active,False
n50-identities_c5-conc_mech-blockchain-1backend_valid-active_r30_audit-off_20260820T020651Z,accepted_only,32,2,30,0,0,30,0,0,0.0,,0,30,28.316843963587846,30.20463356116037,0,warmup==false AND observed_outcome==ACCEPTED,,,,,,,,,,n<2; CI omitted,50,5,blockchain,valid_active,False
n50-identities_c5-conc_mech-x509-1backend_valid-active_r30_audit-off_20260820T020647Z,all_finished,32,2,30,30,0,0,0,0,0.0,,0,0,59.58249354893615,63.554659785531896,30,warmup==false; include all finished decisions,8.637419999999999,8.412849999999999,2.7080693328108025,2.7701,13.6407,13.06812,13.530558,7.6843995,9.587660333333334,scipy.stats.bootstrap percentile 10000 resamples 95%,50,5,x509,valid_active,False
n50-identities_c5-conc_mech-x509-1backend_valid-active_r30_audit-off_20260820T020647Z,accepted_only,32,2,30,30,0,0,0,0,0.0,,0,0,59.58249354893615,63.554659785531896,30,warmup==false AND observed_outcome==ACCEPTED,8.637419999999999,8.412849999999999,2.7080693328108025,2.7701,13.6407,13.06812,13.530558,7.6843995,9.587660333333334,scipy.stats.bootstrap percentile 10000 resamples 95%,50,5,x509,valid_active,False
n50-identities_c50-conc_mech-blockchain-1backend_valid-active_r30_audit-off_20260820T020715Z,all_finished,32,2,30,0,0,30,0,0,0.0,,0,30,16.76083743187601,17.878226594001077,30,warmup==false; include all finished decisions,446.90114000000005,476.58245,149.2057300777101,150.1796,693.3574,637.46869,677.824594,394.6092225833333,498.570851,scipy.stats.bootstrap percentile 10000 resamples 95%,50,50,blockchain,valid_active,False
n50-identities_c50-conc_mech-blockchain-1backend_valid-active_r30_audit-off_20260820T020715Z,accepted_only,32,2,30,0,0,30,0,0,0.0,,0,30,16.76083743187601,17.878226594001077,0,warmup==false AND observed_outcome==ACCEPTED,,,,,,,,,,n<2; CI omitted,50,50,blockchain,valid_active,False
n50-identities_c50-conc_mech-x509-1backend_valid-active_r30_audit-off_20260820T020711Z,all_finished,32,2,30,30,0,0,0,0,0.0,,0,0,59.26739572483791,63.21855543982711,30,warmup==false; include all finished decisions,24.47122,23.9425,6.659298815185502,5.6883,38.0721,35.74424999999999,38.01468,22.137928,26.8558605,scipy.stats.bootstrap percentile 10000 resamples 95%,50,50,x509,valid_active,False
n50-identities_c50-conc_mech-x509-1backend_valid-active_r30_audit-off_20260820T020711Z,accepted_only,32,2,30,30,0,0,0,0,0.0,,0,0,59.26739572483791,63.21855543982711,30,warmup==false AND observed_outcome==ACCEPTED,24.47122,23.9425,6.659298815185502,5.6883,38.0721,35.74424999999999,38.01468,22.137928,26.8558605,scipy.stats.bootstrap percentile 10000 resamples 95%,50,50,x509,valid_active,False
n500-identities_c1-conc_mech-blockchain-1backend_valid-active_r30_audit-off_20260820T022510Z,all_finished,32,2,30,0,0,30,0,0,0.0,,0,30,18.743812199204346,19.993399679151302,30,warmup==false; include all finished decisions,26.851413333333337,22.8105,9.586899044933515,17.8589,56.2984,43.429725,52.71675500000001,23.67322616666668,30.40718108333333,scipy.stats.bootstrap percentile 10000 resamples 95%,500,1,blockchain,valid_active,False
n500-identities_c1-conc_mech-blockchain-1backend_valid-active_r30_audit-off_20260820T022510Z,accepted_only,32,2,30,0,0,30,0,0,0.0,,0,30,18.743812199204346,19.993399679151302,0,warmup==false AND observed_outcome==ACCEPTED,,,,,,,,,,n<2; CI omitted,500,1,blockchain,valid_active,False
n500-identities_c1-conc_mech-x509-1backend_valid-active_r30_audit-off_20260820T021640Z,all_finished,32,2,30,30,0,0,0,0,0.0,,0,0,59.56837943673991,63.53960473252257,30,warmup==false; include all finished decisions,3.5420066666666665,2.72285,1.8301937796278585,1.8066,9.6963,5.930884999999999,8.655577000000005,2.936871750000001,4.234521333333333,scipy.stats.bootstrap percentile 10000 resamples 95%,500,1,x509,valid_active,False
n500-identities_c1-conc_mech-x509-1backend_valid-active_r30_audit-off_20260820T021640Z,accepted_only,32,2,30,30,0,0,0,0,0.0,,0,0,59.56837943673991,63.53960473252257,30,warmup==false AND observed_outcome==ACCEPTED,3.5420066666666665,2.72285,1.8301937796278585,1.8066,9.6963,5.930884999999999,8.655577000000005,2.936871750000001,4.234521333333333,scipy.stats.bootstrap percentile 10000 resamples 95%,500,1,x509,valid_active,False
n500-identities_c10-conc_mech-blockchain-1backend_valid-active_r30_audit-off_20260820T022652Z,all_finished,32,2,30,0,0,30,0,0,0.0,,0,30,28.31954376003839,30.20751334404095,30,warmup==false; include all finished decisions,144.9828466666667,146.9535,40.36401424878809,76.7196,222.9461,201.18926,217.469102,131.02603366666665,159.48797833333333,scipy.stats.bootstrap percentile 10000 resamples 95%,500,10,blockchain,valid_active,False
n500-identities_c10-conc_mech-blockchain-1backend_valid-active_r30_audit-off_20260820T022652Z,accepted_only,32,2,30,0,0,30,0,0,0.0,,0,30,28.31954376003839,30.20751334404095,0,warmup==false AND observed_outcome==ACCEPTED,,,,,,,,,,n<2; CI omitted,500,10,blockchain,valid_active,False
n500-identities_c10-conc_mech-x509-1backend_valid-active_r30_audit-off_20260820T022637Z,all_finished,32,2,30,30,0,0,0,0,0.0,,0,0,28.832680114210863,30.75485878849159,30,warmup==false; include all finished decisions,35.81204333333334,37.374300000000005,15.746553461448771,3.5358,70.2935,57.32170999999999,66.988718,30.139417000000005,41.30371091666668,scipy.stats.bootstrap percentile 10000 resamples 95%,500,10,x509,valid_active,False
n500-identities_c10-conc_mech-x509-1backend_valid-active_r30_audit-off_20260820T022637Z,accepted_only,32,2,30,30,0,0,0,0,0.0,,0,0,28.832680114210863,30.75485878849159,30,warmup==false AND observed_outcome==ACCEPTED,35.81204333333334,37.374300000000005,15.746553461448771,3.5358,70.2935,57.32170999999999,66.988718,30.139417000000005,41.30371091666668,scipy.stats.bootstrap percentile 10000 resamples 95%,500,10,x509,valid_active,False
n500-identities_c25-conc_mech-blockchain-1backend_valid-active_r30_audit-off_20260820T022719Z,all_finished,32,2,30,0,0,30,0,0,0.0,,0,30,26.768900070428423,28.553493408456983,30,warmup==false; include all finished decisions,294.7231933333333,300.8355,83.52320211343687,142.8749,457.1102,427.59042,450.5446,264.662907,324.1058411666666,scipy.stats.bootstrap percentile 10000 resamples 95%,500,25,blockchain,valid_active,False
n500-identities_c25-conc_mech-blockchain-1backend_valid-active_r30_audit-off_20260820T022719Z,accepted_only,32,2,30,0,0,30,0,0,0.0,,0,30,26.768900070428423,28.553493408456983,0,warmup==false AND observed_outcome==ACCEPTED,,,,,,,,,,n<2; CI omitted,500,25,blockchain,valid_active,False
n500-identities_c25-conc_mech-x509-1backend_valid-active_r30_audit-off_20260820T022705Z,all_finished,32,2,30,30,0,0,0,0,0.0,,0,0,28.81883968309613,30.7400956619692,30,warmup==false; include all finished decisions,61.51717333333333,61.42975,31.10276924579539,12.7096,126.0099,117.50841499999996,125.070706,50.78731316666667,72.96851408333332,scipy.stats.bootstrap percentile 10000 resamples 95%,500,25,x509,valid_active,False
n500-identities_c25-conc_mech-x509-1backend_valid-active_r30_audit-off_20260820T022705Z,accepted_only,32,2,30,30,0,0,0,0,0.0,,0,0,28.81883968309613,30.7400956619692,30,warmup==false AND observed_outcome==ACCEPTED,61.51717333333333,61.42975,31.10276924579539,12.7096,126.0099,117.50841499999996,125.070706,50.78731316666667,72.96851408333332,scipy.stats.bootstrap percentile 10000 resamples 95%,500,25,x509,valid_active,False
n500-identities_c5-conc_mech-blockchain-1backend_valid-active_r30_audit-off_20260820T022623Z,all_finished,32,2,30,0,0,30,0,0,0.0,,0,30,18.32398901467469,19.54558828231968,30,warmup==false; include all finished decisions,94.92192333333334,93.5684,25.0640164473746,45.3761,139.6226,133.985785,138.27694200000002,86.31279116666666,103.73359133333334,scipy.stats.bootstrap percentile 10000 resamples 95%,500,5,blockchain,valid_active,False
n500-identities_c5-conc_mech-blockchain-1backend_valid-active_r30_audit-off_20260820T022623Z,accepted_only,32,2,30,0,0,30,0,0,0.0,,0,30,18.32398901467469,19.54558828231968,0,warmup==false AND observed_outcome==ACCEPTED,,,,,,,,,,n<2; CI omitted,500,5,blockchain,valid_active,False
n500-identities_c5-conc_mech-x509-1backend_valid-active_r30_audit-off_20260820T022605Z,all_finished,32,2,30,30,0,0,0,0,0.0,,0,0,58.92571353506051,62.85409443739788,30,warmup==false; include all finished decisions,17.757943333333333,16.67595,7.4168938734106735,7.9209,33.5485,31.7684,33.23298,15.23235525,20.331931,scipy.stats.bootstrap percentile 10000 resamples 95%,500,5,x509,valid_active,False
n500-identities_c5-conc_mech-x509-1backend_valid-active_r30_audit-off_20260820T022605Z,accepted_only,32,2,30,30,0,0,0,0,0.0,,0,0,58.92571353506051,62.85409443739788,30,warmup==false AND observed_outcome==ACCEPTED,17.757943333333333,16.67595,7.4168938734106735,7.9209,33.5485,31.7684,33.23298,15.23235525,20.331931,scipy.stats.bootstrap percentile 10000 resamples 95%,500,5,x509,valid_active,False
n500-identities_c50-conc_mech-blockchain-1backend_valid-active_r30_audit-off_20260820T022747Z,all_finished,32,2,30,0,0,30,0,0,0.0,,0,30,18.608268955945977,19.84882021967571,30,warmup==false; include all finished decisions,343.45800999999994,344.48235,73.22194923059497,217.3516,467.8904,457.41785,465.139025,318.01450475,369.5382446666666,scipy.stats.bootstrap percentile 10000 resamples 95%,500,50,blockchain,valid_active,False
n500-identities_c50-conc_mech-blockchain-1backend_valid-active_r30_audit-off_20260820T022747Z,accepted_only,32,2,30,0,0,30,0,0,0.0,,0,30,18.608268955945977,19.84882021967571,0,warmup==false AND observed_outcome==ACCEPTED,,,,,,,,,,n<2; CI omitted,500,50,blockchain,valid_active,False
n500-identities_c50-conc_mech-x509-1backend_valid-active_r30_audit-off_20260820T022732Z,all_finished,32,2,30,30,0,0,0,0,0.0,,0,0,28.89392606381549,30.82018780140319,30,warmup==false; include all finished decisions,80.44714333333334,52.92015,68.87788691751403,2.072,255.9198,230.44503999999995,251.764448,58.076481750000006,105.89535841666668,scipy.stats.bootstrap percentile 10000 resamples 95%,500,50,x509,valid_active,False
n500-identities_c50-conc_mech-x509-1backend_valid-active_r30_audit-off_20260820T022732Z,accepted_only,32,2,30,30,0,0,0,0,0.0,,0,0,28.89392606381549,30.82018780140319,30,warmup==false AND observed_outcome==ACCEPTED,80.44714333333334,52.92015,68.87788691751403,2.072,255.9198,230.44503999999995,251.764448,58.076481750000006,105.89535841666668,scipy.stats.bootstrap percentile 10000 resamples 95%,500,50,x509,valid_active,False
