utc_timestamp,cpu_percent,rss_bytes,available_memory_bytes,net_bytes_sent,net_bytes_recv,pid,name
2026-08-20T02:00:52.468451+00:00,0.0,217022464,453341184,890528915,5404882499,34112,python.exe
2026-08-20T02:00:53.045163+00:00,32.5,217260032,433803264,890528915,5404882565,34112,python.exe
2026-08-20T02:00:53.599616+00:00,59.2,217501696,426655744,890529024,5404882691,34112,python.exe
2026-08-20T02:00:54.138048+00:00,69.6,217563136,442691584,890529024,5404882691,34112,python.exe
2026-08-20T02:00:54.765616+00:00,29.9,212017152,444592128,890536227,5404893336,34112,python.exe
2026-08-20T02:00:55.306939+00:00,40.4,212021248,449413120,890536352,5404894156,34112,python.exe
2026-08-20T02:00:55.841631+00:00,46.8,211980288,464879616,890536554,5404894282,34112,python.exe
2026-08-20T02:00:56.380284+00:00,63.8,212021248,470622208,890536609,5404894414,34112,python.exe
2026-08-20T02:00:56.930706+00:00,59.6,212021248,479944704,890536897,5404894759,34112,python.exe
2026-08-20T02:00:57.462379+00:00,44.1,212021248,486920192,890536897,5404894759,34112,python.exe
2026-08-20T02:00:57.997304+00:00,58.4,212021248,482246656,890536952,5404894825,34112,python.exe
2026-08-20T02:00:58.601233+00:00,44.0,212021248,493703168,890536952,5404894825,34112,python.exe
2026-08-20T02:00:59.132637+00:00,64.7,211959808,484016128,890540357,5404896763,34112,python.exe
2026-08-20T02:00:59.664780+00:00,55.8,212021248,486940672,890540411,5404896879,34112,python.exe
2026-08-20T02:01:00.236711+00:00,30.1,212021248,487596032,890540466,5404897039,34112,python.exe
2026-08-20T02:01:00.803504+00:00,33.1,212021248,490172416,890541134,5404897651,34112,python.exe
2026-08-20T02:01:01.338191+00:00,40.9,212025344,498462720,890541244,5404897783,34112,python.exe
2026-08-20T02:01:01.884666+00:00,57.2,212025344,509059072,890541446,5404897942,34112,python.exe
2026-08-20T02:01:02.447687+00:00,13.9,212025344,498810880,890541501,5404898008,34112,python.exe
2026-08-20T02:01:02.993966+00:00,42.9,212025344,478646272,890541609,5404898128,34112,python.exe
2026-08-20T02:01:03.556268+00:00,38.9,211963904,478892032,890541718,5404898254,34112,python.exe
2026-08-20T02:01:04.086595+00:00,26.5,211963904,466014208,890541826,5404902699,34112,python.exe
2026-08-20T02:01:04.640234+00:00,5.6,211963904,459149312,890543373,5404903935,34112,python.exe
2026-08-20T02:01:05.209245+00:00,13.7,211963904,463425536,890546515,5404925558,34112,python.exe
2026-08-20T02:01:05.763196+00:00,14.1,211963904,453832704,890547586,5404925864,34112,python.exe
2026-08-20T02:01:06.306688+00:00,8.6,211963904,468946944,890548335,5404946909,34112,python.exe
2026-08-20T02:01:06.857687+00:00,2.8,211963904,470126592,890550615,5404950927,34112,python.exe
2026-08-20T02:01:07.406542+00:00,14.2,212029440,481710080,890554151,5404957237,34112,python.exe
2026-08-20T02:01:07.934054+00:00,35.5,212029440,484106240,890554261,5404957369,34112,python.exe
2026-08-20T02:01:08.486805+00:00,42.4,212029440,477872128,890554261,5404957369,34112,python.exe
2026-08-20T02:01:09.038645+00:00,19.8,212033536,474906624,890554371,5404957501,34112,python.exe
2026-08-20T02:01:09.570846+00:00,55.8,212037632,481980416,890554371,5404957561,34112,python.exe
2026-08-20T02:01:10.098346+00:00,44.4,212037632,490156032,890554481,5404957693,34112,python.exe
2026-08-20T02:01:10.628213+00:00,53.1,211996672,471986176,890558968,5404958747,34112,python.exe
2026-08-20T02:01:11.154665+00:00,0.0,211996672,504791040,890559077,5404959172,34112,python.exe
2026-08-20T02:01:11.733376+00:00,0.0,212004864,500371456,890559308,5404959529,34112,python.exe
2026-08-20T02:01:12.259649+00:00,0.0,212004864,505749504,890559418,5404959595,34112,python.exe
2026-08-20T02:01:12.817868+00:00,2.8,212004864,467079168,890559634,5404959835,34112,python.exe
2026-08-20T02:01:13.343017+00:00,0.0,212008960,462082048,890559690,5404959901,34112,python.exe
2026-08-20T02:01:13.868551+00:00,0.0,212008960,499425280,890559744,5404960021,34112,python.exe
2026-08-20T02:01:14.395603+00:00,0.0,212008960,467509248,890559799,5404960102,34112,python.exe
2026-08-20T02:01:14.937693+00:00,2.9,212008960,490262528,890559884,5404960288,34112,python.exe
2026-08-20T02:01:15.471041+00:00,0.0,212008960,485781504,890564828,5404963734,34112,python.exe
2026-08-20T02:01:15.999907+00:00,0.0,212008960,524267520,890564920,5404963920,34112,python.exe
2026-08-20T02:01:16.522179+00:00,3.0,212008960,518467584,890564975,5404964046,34112,python.exe
2026-08-20T02:01:17.066051+00:00,0.0,212008960,527863808,890565085,5404964178,34112,python.exe
2026-08-20T02:01:17.606426+00:00,2.9,212017152,518012928,890565140,5404964304,34112,python.exe
2026-08-20T02:01:18.192678+00:00,0.0,212017152,533041152,890565261,5404964370,34112,python.exe
2026-08-20T02:01:18.727077+00:00,0.0,212017152,533446656,890565316,5404964430,34112,python.exe
2026-08-20T02:01:19.252856+00:00,3.0,212017152,535044096,890565383,5404964496,34112,python.exe
2026-08-20T02:01:19.783265+00:00,0.0,212017152,534011904,890565439,5404964622,34112,python.exe
2026-08-20T02:01:20.308675+00:00,3.0,212017152,535801856,890565548,5404964782,34112,python.exe
2026-08-20T02:01:20.833964+00:00,3.0,212017152,539291648,890565788,5404965055,34112,python.exe
2026-08-20T02:01:21.399076+00:00,2.8,212017152,540286976,890565964,5404965121,34112,python.exe
2026-08-20T02:01:21.947027+00:00,2.9,212017152,518828032,890570598,5404966473,34112,python.exe
2026-08-20T02:01:22.574452+00:00,2.5,212017152,506216448,890570816,5404966876,34112,python.exe
2026-08-20T02:01:23.104362+00:00,2.9,212017152,492912640,890571120,5404967652,34112,python.exe
2026-08-20T02:01:23.640654+00:00,0.0,212017152,494366720,890571947,5404967898,34112,python.exe
2026-08-20T02:01:24.203771+00:00,0.0,212017152,496381952,890572502,5404968678,34112,python.exe
2026-08-20T02:01:24.727515+00:00,6.0,212017152,494596096,890573881,5404974580,34112,python.exe
2026-08-20T02:01:25.250844+00:00,0.0,212017152,506556416,890574230,5404975064,34112,python.exe
2026-08-20T02:01:25.787056+00:00,0.0,212017152,506900480,890574393,5404975383,34112,python.exe
2026-08-20T02:01:26.312742+00:00,0.0,212017152,528723968,890574393,5404975383,34112,python.exe
2026-08-20T02:01:26.839655+00:00,0.0,212017152,528195584,890574680,5404975782,34112,python.exe
2026-08-20T02:01:27.368158+00:00,5.9,211951616,530354176,890574777,5404975908,34112,python.exe
2026-08-20T02:01:27.899175+00:00,2.9,211951616,530677760,890574832,5404976034,34112,python.exe
2026-08-20T02:01:28.425147+00:00,0.0,211959808,524087296,890574833,5404976034,34112,python.exe
2026-08-20T02:01:28.999762+00:00,2.7,211959808,539754496,890574889,5404976100,34112,python.exe
2026-08-20T02:01:29.544958+00:00,0.0,211959808,524558336,890574889,5404976100,34112,python.exe
2026-08-20T02:01:30.077449+00:00,0.0,211959808,558379008,890574945,5404976166,34112,python.exe
2026-08-20T02:01:30.602710+00:00,0.0,211959808,573779968,890575559,5404976719,34112,python.exe
2026-08-20T02:01:31.132111+00:00,0.0,211959808,558854144,890575669,5404976938,34112,python.exe
2026-08-20T02:01:31.704347+00:00,5.5,211963904,563372032,890575807,5404977142,34112,python.exe
2026-08-20T02:01:32.238159+00:00,0.0,211963904,563564544,890576063,5404977602,34112,python.exe
2026-08-20T02:01:32.814684+00:00,0.0,211963904,531304448,890576229,5404977800,34112,python.exe
2026-08-20T02:01:33.362199+00:00,0.0,211963904,576958464,890576392,5404977986,34112,python.exe
2026-08-20T02:01:33.900602+00:00,0.0,211972096,552599552,890576658,5404978744,34112,python.exe
2026-08-20T02:01:34.442342+00:00,5.8,211972096,528789504,890580220,5404979002,34112,python.exe
2026-08-20T02:01:35.034388+00:00,2.6,211972096,531501056,890580489,5404979002,34112,python.exe
2026-08-20T02:01:35.580418+00:00,2.9,211972096,527269888,890582995,5404984573,34112,python.exe
2026-08-20T02:01:36.113582+00:00,2.9,211972096,556838912,890584294,5404985478,34112,python.exe
2026-08-20T02:01:36.652658+00:00,2.9,211972096,545234944,890588174,5404986970,34112,python.exe
2026-08-20T02:01:37.180720+00:00,3.0,211972096,567746560,890593014,5404995108,34112,python.exe
2026-08-20T02:01:37.703697+00:00,0.0,211972096,560279552,890596628,5405004093,34112,python.exe
2026-08-20T02:01:38.233562+00:00,0.0,211972096,564535296,890598337,5405009145,34112,python.exe
2026-08-20T02:01:38.761002+00:00,3.0,211972096,556441600,890600893,5405015578,34112,python.exe
2026-08-20T02:01:39.288560+00:00,3.0,211972096,558518272,890602143,5405018093,34112,python.exe
2026-08-20T02:01:39.813227+00:00,0.0,211972096,551923712,890603474,5405018725,34112,python.exe
2026-08-20T02:01:40.333753+00:00,3.0,211972096,545419264,890605164,5405029176,34112,python.exe
2026-08-20T02:01:40.919111+00:00,0.0,211972096,502427648,890611347,5405037017,34112,python.exe
2026-08-20T02:01:41.667374+00:00,2.1,211972096,497131520,890611859,5405039952,34112,python.exe
2026-08-20T02:01:42.221694+00:00,0.0,211972096,500031488,890612921,5405040375,34112,python.exe
2026-08-20T02:01:43.055156+00:00,0.0,211972096,466255872,890613085,5405040919,34112,python.exe
2026-08-20T02:01:43.675984+00:00,0.0,211972096,456642560,890613193,5405041039,34112,python.exe
2026-08-20T02:01:44.234221+00:00,2.8,211972096,435007488,890613314,5405041105,34112,python.exe
2026-08-20T02:01:44.771942+00:00,0.0,211972096,481103872,890613979,5405046731,34112,python.exe
2026-08-20T02:01:45.303777+00:00,2.9,211972096,490020864,890615259,5405047469,34112,python.exe
2026-08-20T02:01:45.891812+00:00,5.3,211972096,496570368,890615834,5405048277,34112,python.exe
2026-08-20T02:01:46.442346+00:00,0.0,211972096,563912704,890616123,5405048787,34112,python.exe
2026-08-20T02:01:47.077242+00:00,0.0,211972096,535568384,890617261,5405049641,34112,python.exe
2026-08-20T02:01:47.630043+00:00,0.0,211972096,577191936,890663735,5405058915,34112,python.exe
2026-08-20T02:01:48.227553+00:00,0.0,211972096,566235136,890663887,5405059041,34112,python.exe
2026-08-20T02:01:48.792497+00:00,2.8,211972096,561254400,890665124,5405060010,34112,python.exe
2026-08-20T02:01:49.349296+00:00,0.0,211972096,567033856,890665179,5405060076,34112,python.exe
2026-08-20T02:01:49.891155+00:00,2.9,211972096,577613824,890665768,5405061011,34112,python.exe
2026-08-20T02:01:50.444484+00:00,0.0,211972096,565514240,890673258,5405066153,34112,python.exe
2026-08-20T02:01:50.991650+00:00,5.7,211972096,545079296,890674833,5405070120,34112,python.exe
2026-08-20T02:01:51.564896+00:00,2.7,211972096,538030080,890680284,5405071403,34112,python.exe
2026-08-20T02:01:52.088390+00:00,0.0,211972096,557101056,890681378,5405076297,34112,python.exe
2026-08-20T02:01:52.663577+00:00,2.7,211972096,516861952,890683252,5405084964,34112,python.exe
2026-08-20T02:01:53.219966+00:00,5.6,211972096,544305152,890683766,5405085472,34112,python.exe
2026-08-20T02:01:53.763114+00:00,0.0,211972096,548397056,890691994,5405089529,34112,python.exe
2026-08-20T02:01:54.316077+00:00,0.0,211972096,554913792,890692909,5405090242,34112,python.exe
2026-08-20T02:01:54.876708+00:00,0.0,211972096,543457280,890693191,5405091063,34112,python.exe
2026-08-20T02:01:55.408908+00:00,0.0,211972096,576352256,890693316,5405091245,34112,python.exe
2026-08-20T02:01:55.955004+00:00,0.0,211972096,594698240,890695629,5405091371,34112,python.exe
2026-08-20T02:01:56.484901+00:00,0.0,211976192,595226624,890695683,5405091968,34112,python.exe
2026-08-20T02:01:57.043466+00:00,2.8,211976192,591093760,890695982,5405092247,34112,python.exe
2026-08-20T02:01:57.575878+00:00,5.9,211976192,589017088,890699806,5405092668,34112,python.exe
2026-08-20T02:01:58.112554+00:00,2.9,211976192,561758208,890705195,5405105373,34112,python.exe
2026-08-20T02:01:58.661223+00:00,5.7,211980288,517787648,890707944,5405108894,34112,python.exe
2026-08-20T02:01:59.203111+00:00,0.0,211980288,464936960,890709194,5405112621,34112,python.exe
2026-08-20T02:01:59.767624+00:00,2.8,211992576,509251584,890710175,5405116422,34112,python.exe
2026-08-20T02:02:00.298867+00:00,0.0,211992576,532746240,890710824,5405119478,34112,python.exe
2026-08-20T02:02:00.823338+00:00,0.0,211996672,532975616,890712072,5405122981,34112,python.exe
2026-08-20T02:02:01.410144+00:00,2.7,211996672,531910656,890713175,5405127167,34112,python.exe
2026-08-20T02:02:01.944417+00:00,0.0,212000768,551120896,890730016,5405135708,34112,python.exe
2026-08-20T02:02:02.490720+00:00,0.0,212000768,530530304,890760442,5405140046,34112,python.exe
2026-08-20T02:02:03.061659+00:00,0.0,212004864,541646848,890886530,5405144898,34112,python.exe
2026-08-20T02:02:03.593874+00:00,0.0,212013056,545865728,891017084,5405153468,34112,python.exe
2026-08-20T02:02:04.152192+00:00,2.8,212013056,533340160,891017894,5405159608,34112,python.exe
2026-08-20T02:02:04.682322+00:00,2.9,212013056,522244096,891019334,5405162363,34112,python.exe
2026-08-20T02:02:05.222776+00:00,2.9,212017152,541589504,891021742,5405166220,34112,python.exe
2026-08-20T02:02:05.754389+00:00,0.0,212017152,544743424,891022653,5405174879,34112,python.exe
2026-08-20T02:02:06.354447+00:00,2.6,212037632,553615360,891024917,5405175689,34112,python.exe
2026-08-20T02:02:06.895323+00:00,2.9,212037632,532393984,891025825,5405176163,34112,python.exe
2026-08-20T02:02:07.575553+00:00,0.0,212041728,526131200,891032136,5405225315,34112,python.exe
2026-08-20T02:02:08.314949+00:00,2.1,212041728,452431872,891032987,5405247261,34112,python.exe
2026-08-20T02:02:08.882961+00:00,0.0,211791872,427909120,891033259,5405247558,34112,python.exe
2026-08-20T02:02:10.050468+00:00,5.4,211791872,429432832,891060002,5405282176,34112,python.exe
2026-08-20T02:02:10.685730+00:00,0.0,211800064,313327616,891066693,5405283475,34112,python.exe
2026-08-20T02:02:11.975297+00:00,0.0,211800064,356954112,891102020,5405379811,34112,python.exe
2026-08-20T02:02:13.452157+00:00,1.1,211800064,288595968,891103100,5405409938,34112,python.exe
2026-08-20T02:02:14.322972+00:00,0.0,211800064,376713216,891121250,5405437398,34112,python.exe
2026-08-20T02:02:15.344433+00:00,3.1,211800064,339668992,891141445,5405459159,34112,python.exe
2026-08-20T02:02:16.119055+00:00,2.0,211800064,336838656,891148454,5405469976,34112,python.exe
2026-08-20T02:02:16.677521+00:00,2.8,211800064,339787776,891166750,5405491313,34112,python.exe
2026-08-20T02:02:17.225677+00:00,2.9,211800064,338665472,891174414,5405494868,34112,python.exe
2026-08-20T02:02:17.919186+00:00,4.5,211800064,342654976,891175672,5405613443,34112,python.exe
2026-08-20T02:02:18.499510+00:00,2.7,211800064,282198016,891175673,5405613443,34112,python.exe
2026-08-20T02:02:19.126284+00:00,2.5,211800064,186372096,891175875,5405613602,34112,python.exe
2026-08-20T02:02:20.192345+00:00,0.0,211800064,178458624,891199772,5405707452,34112,python.exe
2026-08-20T02:02:20.820084+00:00,2.5,211800064,336494592,891221125,5405778230,34112,python.exe
2026-08-20T02:02:21.587386+00:00,2.0,211800064,289636352,891226146,5405788488,34112,python.exe
2026-08-20T02:02:22.261406+00:00,2.3,211800064,335609856,891235942,5405869493,34112,python.exe
2026-08-20T02:02:22.898176+00:00,2.5,211800064,296538112,891251159,5406217492,34112,python.exe
2026-08-20T02:02:23.576458+00:00,2.3,211800064,285872128,891281959,5406870514,34112,python.exe
2026-08-20T02:02:24.143158+00:00,0.0,211800064,170188800,891282169,5406871189,34112,python.exe
2026-08-20T02:02:24.675691+00:00,0.0,211800064,292216832,891292796,5406882413,34112,python.exe
2026-08-20T02:02:25.203065+00:00,0.0,211800064,263802880,891295302,5406885037,34112,python.exe
2026-08-20T02:02:25.792711+00:00,0.0,211800064,284041216,891303738,5406910300,34112,python.exe
2026-08-20T02:02:26.318831+00:00,5.9,211800064,252817408,891303794,5406910366,34112,python.exe
2026-08-20T02:02:26.846776+00:00,0.0,211800064,294440960,891304027,5406910645,34112,python.exe
2026-08-20T02:02:27.385374+00:00,2.9,211800064,308555776,891305395,5406934550,34112,python.exe
2026-08-20T02:02:28.150496+00:00,4.1,211800064,349638656,891306867,5406939175,34112,python.exe
2026-08-20T02:02:28.679726+00:00,5.9,211800064,633298944,891312709,5406952961,34112,python.exe
2026-08-20T02:02:29.211515+00:00,2.9,211800064,830980096,891318202,5406977249,34112,python.exe
2026-08-20T02:02:29.734976+00:00,6.0,211800064,822108160,891337781,5406987744,34112,python.exe
2026-08-20T02:02:30.260258+00:00,3.0,211800064,843415552,891434753,5406994313,34112,python.exe
2026-08-20T02:02:30.800689+00:00,0.0,211800064,853856256,891435215,5406997225,34112,python.exe
2026-08-20T02:02:31.326325+00:00,0.0,211800064,874926080,891438898,5406999017,34112,python.exe
2026-08-20T02:02:31.849053+00:00,0.0,211800064,888307712,891440862,5406999782,34112,python.exe
2026-08-20T02:02:32.378440+00:00,3.0,211783680,903331840,891464359,5407004702,34112,python.exe
2026-08-20T02:02:32.913844+00:00,2.9,211783680,916471808,891464359,5407005122,34112,python.exe
2026-08-20T02:02:33.437046+00:00,0.0,211783680,927162368,891473573,5407044711,34112,python.exe
2026-08-20T02:02:33.962740+00:00,3.0,211783680,933634048,891473681,5407050633,34112,python.exe
2026-08-20T02:02:34.508995+00:00,0.0,211783680,915812352,891484590,5407062268,34112,python.exe
2026-08-20T02:02:35.056953+00:00,0.0,211783680,929091584,891485038,5407063068,34112,python.exe
2026-08-20T02:02:35.581745+00:00,3.0,211787776,924041216,891493234,5407064409,34112,python.exe
2026-08-20T02:02:36.113998+00:00,2.9,211787776,899424256,891496651,5407074614,34112,python.exe
2026-08-20T02:02:36.664665+00:00,0.0,211787776,891297792,891498734,5407075200,34112,python.exe
2026-08-20T02:02:37.193180+00:00,3.0,211787776,911077376,891501682,5407076384,34112,python.exe
2026-08-20T02:02:37.728744+00:00,2.9,211787776,912154624,891504861,5407078000,34112,python.exe
2026-08-20T02:02:38.254426+00:00,3.0,211787776,888270848,891505639,5407084367,34112,python.exe
2026-08-20T02:02:38.780601+00:00,3.0,211787776,893997056,891506785,5407089555,34112,python.exe
2026-08-20T02:02:39.304332+00:00,3.0,211787776,895983616,891511793,5407090598,34112,python.exe
2026-08-20T02:02:39.829143+00:00,0.0,211787776,897249280,891512301,5407093592,34112,python.exe
2026-08-20T02:02:40.356556+00:00,3.0,211787776,923602944,891518716,5407096389,34112,python.exe
2026-08-20T02:02:40.894090+00:00,0.0,211791872,931577856,891524954,5407109374,34112,python.exe
2026-08-20T02:02:41.419209+00:00,0.0,211775488,936534016,891529060,5407116075,34112,python.exe
2026-08-20T02:02:41.950178+00:00,0.0,211775488,936992768,891539865,5407123847,34112,python.exe
2026-08-20T02:02:42.486030+00:00,0.0,211775488,931209216,891546476,5407164004,34112,python.exe
2026-08-20T02:02:43.008551+00:00,3.0,211775488,914444288,891552126,5407166842,34112,python.exe
2026-08-20T02:02:43.534989+00:00,3.0,211775488,967368704,891552481,5407167130,34112,python.exe
2026-08-20T02:02:44.057808+00:00,0.0,211775488,1015017472,891552621,5407167400,34112,python.exe
2026-08-20T02:02:44.587164+00:00,3.0,211775488,1009172480,891552676,5407167400,34112,python.exe
2026-08-20T02:02:45.116914+00:00,8.8,211775488,1029890048,891552905,5407167652,34112,python.exe
2026-08-20T02:02:45.641713+00:00,0.0,211775488,1026781184,891556827,5407173406,34112,python.exe
2026-08-20T02:02:46.166248+00:00,3.0,211775488,1024098304,891556936,5407173532,34112,python.exe
2026-08-20T02:02:46.694818+00:00,3.0,211783680,1013563392,891556936,5407173532,34112,python.exe
2026-08-20T02:02:47.234227+00:00,2.9,211783680,1017614336,891556991,5407173598,34112,python.exe
2026-08-20T02:02:47.758714+00:00,3.0,211783680,1003933696,891557111,5407173771,34112,python.exe
2026-08-20T02:02:48.285301+00:00,3.0,211783680,975785984,891557220,5407173831,34112,python.exe
2026-08-20T02:02:48.809190+00:00,0.0,211787776,981831680,891557286,5407173897,34112,python.exe
2026-08-20T02:02:49.356254+00:00,11.4,211787776,975638528,891557921,5407174143,34112,python.exe
2026-08-20T02:02:49.888349+00:00,2.9,211791872,969420800,891558720,5407174659,34112,python.exe
2026-08-20T02:02:50.413412+00:00,3.0,211791872,960749568,891572600,5407185473,34112,python.exe
2026-08-20T02:02:50.990034+00:00,2.7,211791872,955183104,891574245,5407432998,34112,python.exe
2026-08-20T02:02:51.577874+00:00,2.7,211791872,917860352,891594004,5407435182,34112,python.exe
2026-08-20T02:02:52.106415+00:00,3.0,211791872,952643584,891604361,5407478774,34112,python.exe
2026-08-20T02:02:52.638115+00:00,2.9,211791872,949878784,891616205,5407482439,34112,python.exe
2026-08-20T02:02:53.186276+00:00,2.9,211791872,949592064,891626170,5407526036,34112,python.exe
2026-08-20T02:02:53.709577+00:00,0.0,211791872,968806400,891634109,5407530167,34112,python.exe
2026-08-20T02:02:54.253918+00:00,2.9,211791872,957177856,891634109,5407530233,34112,python.exe
2026-08-20T02:02:54.793942+00:00,0.0,211791872,953208832,891635391,5407530374,34112,python.exe
2026-08-20T02:02:55.318831+00:00,0.0,211791872,957472768,891648885,5407534385,34112,python.exe
2026-08-20T02:02:55.840741+00:00,3.0,211791872,957071360,891650038,5407534943,34112,python.exe
2026-08-20T02:02:56.370186+00:00,3.0,211791872,959078400,891650202,5407535135,34112,python.exe
2026-08-20T02:02:56.892509+00:00,3.0,211791872,984395776,891650380,5407535348,34112,python.exe
2026-08-20T02:02:57.418248+00:00,0.0,211791872,964108288,891650435,5407535414,34112,python.exe
2026-08-20T02:02:57.995457+00:00,5.4,211791872,956588032,891650543,5407535783,34112,python.exe
2026-08-20T02:02:58.516677+00:00,0.0,211791872,945369088,891650653,5407535915,34112,python.exe
2026-08-20T02:02:59.049065+00:00,0.0,211791872,968982528,891653950,5407537335,34112,python.exe
2026-08-20T02:02:59.586569+00:00,0.0,211808256,950714368,891654152,5407537494,34112,python.exe
2026-08-20T02:03:00.113252+00:00,0.0,211808256,984104960,891654152,5407537494,34112,python.exe
2026-08-20T02:03:00.638592+00:00,0.0,211808256,963469312,891654410,5407537784,34112,python.exe
2026-08-20T02:03:01.394709+00:00,2.1,211808256,970223616,891665696,5407542215,34112,python.exe
2026-08-20T02:03:01.922540+00:00,3.0,211808256,969330688,891666230,5407544332,34112,python.exe
2026-08-20T02:03:02.449208+00:00,0.0,211808256,981725184,891666285,5407544332,34112,python.exe
2026-08-20T02:03:02.971441+00:00,3.0,211808256,997617664,891666480,5407545000,34112,python.exe
2026-08-20T02:03:03.493865+00:00,3.0,211812352,991547392,891672556,5407548288,34112,python.exe
2026-08-20T02:03:04.017320+00:00,0.0,211812352,995045376,891673829,5407549026,34112,python.exe
2026-08-20T02:03:04.538607+00:00,3.0,211812352,977035264,891673829,5407549026,34112,python.exe
2026-08-20T02:03:05.062713+00:00,6.0,211812352,977080320,891674007,5407549211,34112,python.exe
2026-08-20T02:03:05.584630+00:00,0.0,211812352,977743872,891678940,5407552522,34112,python.exe
2026-08-20T02:03:06.106835+00:00,3.0,211812352,972718080,891679050,5407552588,34112,python.exe
2026-08-20T02:03:06.631617+00:00,0.0,211812352,977399808,891679270,5407552714,34112,python.exe
2026-08-20T02:03:07.159621+00:00,3.0,211812352,983859200,891685426,5407565079,34112,python.exe
2026-08-20T02:03:07.694525+00:00,2.9,211812352,947351552,891686814,5407573342,34112,python.exe
2026-08-20T02:03:08.225808+00:00,0.0,211812352,967397376,891687226,5407574911,34112,python.exe
2026-08-20T02:03:08.747354+00:00,3.0,211812352,967917568,891687335,5407575037,34112,python.exe
2026-08-20T02:03:09.269031+00:00,0.0,211812352,969289728,891687591,5407575256,34112,python.exe
2026-08-20T02:03:09.800995+00:00,0.0,211812352,970002432,891687793,5407575415,34112,python.exe
2026-08-20T02:03:10.329561+00:00,0.0,211812352,989757440,891687978,5407575640,34112,python.exe
2026-08-20T02:03:10.933702+00:00,7.8,211816448,980017152,891692318,5407576921,34112,python.exe
2026-08-20T02:03:11.475013+00:00,2.9,211816448,974323712,891692483,5407577119,34112,python.exe
2026-08-20T02:03:12.020047+00:00,2.9,211816448,974819328,891700293,5407588226,34112,python.exe
2026-08-20T02:03:12.548411+00:00,0.0,211816448,963256320,891700348,5407588292,34112,python.exe
2026-08-20T02:03:13.087173+00:00,0.0,211816448,948035584,891700444,5407589182,34112,python.exe
2026-08-20T02:03:13.611391+00:00,0.0,211816448,950644736,891700499,5407589248,34112,python.exe
2026-08-20T02:03:14.170055+00:00,0.0,211816448,910454784,891700554,5407589314,34112,python.exe
2026-08-20T02:03:14.702649+00:00,2.9,211816448,898736128,891700663,5407589440,34112,python.exe
2026-08-20T02:03:15.242580+00:00,0.0,211816448,899964928,891700663,5407589440,34112,python.exe
2026-08-20T02:03:15.766446+00:00,6.0,211816448,912490496,891701084,5407589910,34112,python.exe
2026-08-20T02:03:16.293284+00:00,0.0,211816448,909578240,891701084,5407589910,34112,python.exe
2026-08-20T02:03:16.834098+00:00,5.8,211816448,926498816,891706493,5407593852,34112,python.exe
2026-08-20T02:03:17.358876+00:00,3.0,211816448,931463168,891706493,5407593912,34112,python.exe
2026-08-20T02:03:17.992587+00:00,2.5,211816448,925106176,891706548,5407594038,34112,python.exe
2026-08-20T02:03:18.554862+00:00,2.8,211816448,900911104,891706933,5407594470,34112,python.exe
2026-08-20T02:03:19.094497+00:00,2.9,211816448,909975552,891707135,5407594689,34112,python.exe
2026-08-20T02:03:19.632238+00:00,0.0,211816448,914407424,891707282,5407594782,34112,python.exe
2026-08-20T02:03:20.158806+00:00,0.0,211816448,941457408,891707477,5407595049,34112,python.exe
2026-08-20T02:03:20.688717+00:00,0.0,211816448,938565632,891707477,5407595049,34112,python.exe
2026-08-20T02:03:21.222518+00:00,0.0,211816448,945971200,891707532,5407595115,34112,python.exe
2026-08-20T02:03:21.744330+00:00,0.0,211816448,952123392,891712666,5407596248,34112,python.exe
2026-08-20T02:03:22.266574+00:00,3.0,211816448,989196288,891712721,5407596380,34112,python.exe
2026-08-20T02:03:22.815467+00:00,2.8,211816448,1056571392,891712776,5407596446,34112,python.exe
2026-08-20T02:03:23.352840+00:00,0.0,211816448,1054244864,891713062,5407596824,34112,python.exe
2026-08-20T02:03:23.881743+00:00,3.0,211816448,1073471488,891720830,5407614271,34112,python.exe
2026-08-20T02:03:24.439548+00:00,2.8,211824640,1064960000,891720968,5407614929,34112,python.exe
2026-08-20T02:03:24.966049+00:00,3.0,211824640,1077805056,891721411,5407615169,34112,python.exe
2026-08-20T02:03:25.486527+00:00,0.0,211824640,1064566784,891721646,5407615477,34112,python.exe
2026-08-20T02:03:26.005923+00:00,3.0,211824640,1057976320,891721754,5407615663,34112,python.exe
2026-08-20T02:03:26.537857+00:00,0.0,211824640,1081524224,891721809,5407615729,34112,python.exe
2026-08-20T02:03:27.062178+00:00,6.0,211824640,1077997568,891722096,5407616068,34112,python.exe
2026-08-20T02:03:27.602337+00:00,0.0,211824640,1082105856,891722151,5407616134,34112,python.exe
2026-08-20T02:03:28.167407+00:00,2.8,211824640,1073414144,891722151,5407616134,34112,python.exe
2026-08-20T02:03:28.691572+00:00,0.0,211824640,1055330304,891722206,5407616200,34112,python.exe
2026-08-20T02:03:29.347186+00:00,0.0,211824640,1060683776,891729361,5407617756,34112,python.exe
2026-08-20T02:03:29.871582+00:00,0.0,211824640,1053360128,891734267,5407622923,34112,python.exe
2026-08-20T02:03:30.525851+00:00,2.4,211824640,1111093248,891734442,5407623207,34112,python.exe
2026-08-20T02:03:31.051401+00:00,3.0,211824640,1126158336,891735605,5407623825,34112,python.exe
2026-08-20T02:03:31.577126+00:00,5.9,211824640,1131679744,891735753,5407624023,34112,python.exe
2026-08-20T02:03:32.105338+00:00,3.0,211824640,1144557568,891735863,5407624149,34112,python.exe
2026-08-20T02:03:32.623462+00:00,6.0,211824640,1147404288,891740915,5407635022,34112,python.exe
2026-08-20T02:03:33.143302+00:00,0.0,211824640,1147162624,891741036,5407635088,34112,python.exe
2026-08-20T02:03:33.670266+00:00,3.0,211824640,1149034496,891741036,5407635088,34112,python.exe
2026-08-20T02:03:34.202663+00:00,0.0,211824640,1144520704,891741133,5407635214,34112,python.exe
2026-08-20T02:03:34.727820+00:00,3.0,211824640,1127190528,891741188,5407635280,34112,python.exe
2026-08-20T02:03:35.251502+00:00,0.0,211824640,1127862272,891741420,5407635465,34112,python.exe
2026-08-20T02:03:35.774211+00:00,3.0,211824640,1131896832,891744456,5407636792,34112,python.exe
2026-08-20T02:03:36.298539+00:00,3.0,211824640,1129897984,891749641,5407643622,34112,python.exe
2026-08-20T02:03:36.824012+00:00,0.0,211824640,1150394368,891749835,5407643849,34112,python.exe
2026-08-20T02:03:37.344416+00:00,3.0,211824640,1149595648,891750065,5407644035,34112,python.exe
2026-08-20T02:03:37.890276+00:00,0.0,211824640,1134895104,891753138,5407644717,34112,python.exe
2026-08-20T02:03:38.410801+00:00,0.0,211824640,1126002688,891753433,5407645825,34112,python.exe
2026-08-20T02:03:38.936031+00:00,0.0,211824640,1122037760,891753488,5407645891,34112,python.exe
2026-08-20T02:03:39.456138+00:00,3.0,211824640,1125179392,891753783,5407646077,34112,python.exe
2026-08-20T02:03:39.995008+00:00,0.0,211824640,1122127872,891753837,5407646143,34112,python.exe
2026-08-20T02:03:40.523353+00:00,0.0,211824640,1146159104,891753967,5407646236,34112,python.exe
2026-08-20T02:03:41.048974+00:00,3.0,211824640,1150832640,891756596,5407646787,34112,python.exe
2026-08-20T02:03:41.570650+00:00,0.0,211824640,1152065536,891756596,5407646787,34112,python.exe
2026-08-20T02:03:42.092800+00:00,0.0,211824640,1151959040,891756651,5407646853,34112,python.exe
2026-08-20T02:03:42.618058+00:00,0.0,211824640,1003909120,891756706,5407646853,34112,python.exe
2026-08-20T02:03:43.146547+00:00,0.0,211824640,986140672,891756971,5407647452,34112,python.exe
2026-08-20T02:03:43.668476+00:00,0.0,211824640,983195648,891766977,5407665233,34112,python.exe
2026-08-20T02:03:44.190191+00:00,3.0,211824640,983498752,891767032,5407665359,34112,python.exe
2026-08-20T02:03:44.711554+00:00,0.0,211824640,963182592,891767032,5407665359,34112,python.exe
2026-08-20T02:03:45.235594+00:00,8.9,211824640,963362816,891767172,5407665626,34112,python.exe
2026-08-20T02:03:45.759448+00:00,0.0,211824640,966463488,891767429,5407666180,34112,python.exe
2026-08-20T02:03:46.283145+00:00,3.0,211824640,964956160,891767484,5407666246,34112,python.exe
2026-08-20T02:03:46.840419+00:00,2.8,211824640,981229568,891767700,5407666564,34112,python.exe
2026-08-20T02:03:47.404846+00:00,5.5,211824640,979603456,891767809,5407666690,34112,python.exe
2026-08-20T02:03:48.040477+00:00,0.0,211824640,984674304,891768144,5407667547,34112,python.exe
2026-08-20T02:03:48.587384+00:00,2.9,211824640,971661312,891768335,5407667890,34112,python.exe
2026-08-20T02:03:49.122078+00:00,2.9,211824640,962793472,891768389,5407668088,34112,python.exe
2026-08-20T02:03:49.648442+00:00,3.0,211824640,956534784,891773438,5407673402,34112,python.exe
2026-08-20T02:03:50.192550+00:00,2.9,211824640,948826112,891774067,5407677568,34112,python.exe
2026-08-20T02:03:50.719578+00:00,0.0,211824640,962232320,891774612,5407680175,34112,python.exe
2026-08-20T02:03:51.266847+00:00,0.0,211824640,962199552,891774720,5407682516,34112,python.exe
2026-08-20T02:03:51.823358+00:00,0.0,211824640,1004363776,891778841,5407683793,34112,python.exe
2026-08-20T02:03:52.351050+00:00,3.0,211824640,1005621248,891778841,5407683853,34112,python.exe
2026-08-20T02:03:52.879872+00:00,3.0,211824640,1012162560,891779466,5407684177,34112,python.exe
2026-08-20T02:03:53.405393+00:00,3.0,211824640,1010053120,891782302,5407685854,34112,python.exe
2026-08-20T02:03:53.936308+00:00,2.9,211824640,1013596160,891786107,5407688803,34112,python.exe
2026-08-20T02:03:54.464341+00:00,3.0,211824640,997949440,891786162,5407688929,34112,python.exe
2026-08-20T02:03:54.985275+00:00,6.0,211824640,993980416,891786433,5407689121,34112,python.exe
2026-08-20T02:03:55.513036+00:00,3.0,211824640,999047168,891786558,5407689363,34112,python.exe
2026-08-20T02:03:56.041504+00:00,3.0,211824640,997023744,891786613,5407689429,34112,python.exe
2026-08-20T02:03:56.569456+00:00,5.9,211824640,1016803328,891788735,5407689681,34112,python.exe
2026-08-20T02:03:57.095587+00:00,0.0,211824640,1034477568,891794734,5407696548,34112,python.exe
2026-08-20T02:03:57.621407+00:00,0.0,211824640,1038159872,891795247,5407696998,34112,python.exe
2026-08-20T02:03:58.149780+00:00,5.9,211824640,1034162176,891798764,5407702820,34112,python.exe
2026-08-20T02:03:58.674388+00:00,0.0,211824640,1030410240,891798957,5407704984,34112,python.exe
2026-08-20T02:03:59.231135+00:00,5.6,211828736,1037406208,891799067,5407705116,34112,python.exe
2026-08-20T02:03:59.755628+00:00,0.0,211828736,1028001792,891799415,5407705440,34112,python.exe
2026-08-20T02:04:00.284394+00:00,3.0,211832832,1046007808,891799470,5407705506,34112,python.exe
2026-08-20T02:04:00.811972+00:00,0.0,211832832,1039339520,891799673,5407705730,34112,python.exe
2026-08-20T02:04:01.340280+00:00,3.0,211832832,1042509824,891800214,5407706234,34112,python.exe
2026-08-20T02:04:01.966411+00:00,2.5,211832832,1034018816,891800323,5407706360,34112,python.exe
2026-08-20T02:04:02.501166+00:00,0.0,211832832,1022513152,891800378,5407706426,34112,python.exe
2026-08-20T02:04:03.046961+00:00,0.0,211832832,1028636672,891800660,5407706546,34112,python.exe
2026-08-20T02:04:03.578451+00:00,0.0,211832832,1018519552,891803587,5407708396,34112,python.exe
2026-08-20T02:04:04.106832+00:00,0.0,211832832,1022496768,891803587,5407708396,34112,python.exe
2026-08-20T02:04:04.630144+00:00,0.0,211832832,1004191744,891803642,5407708462,34112,python.exe
2026-08-20T02:04:05.159399+00:00,0.0,211832832,1006559232,891803819,5407708647,34112,python.exe
2026-08-20T02:04:05.690456+00:00,0.0,211832832,1016573952,891803956,5407708977,34112,python.exe
2026-08-20T02:04:06.235916+00:00,5.7,211832832,1015840768,891803956,5407708977,34112,python.exe
2026-08-20T02:04:06.762075+00:00,0.0,211832832,1031561216,891806846,5407715119,34112,python.exe
2026-08-20T02:04:07.290567+00:00,3.0,211832832,1031122944,891810452,5407717166,34112,python.exe
2026-08-20T02:04:07.846563+00:00,2.8,211832832,991576064,891810616,5407717358,34112,python.exe
2026-08-20T02:04:08.457311+00:00,0.0,211832832,1012531200,891814565,5407721933,34112,python.exe
2026-08-20T02:04:08.990147+00:00,0.0,211832832,996175872,891814730,5407722131,34112,python.exe
2026-08-20T02:04:09.510886+00:00,0.0,211832832,994172928,891814970,5407722317,34112,python.exe
2026-08-20T02:04:10.033913+00:00,0.0,211832832,995020800,891816108,5407722383,34112,python.exe
2026-08-20T02:04:10.560000+00:00,3.0,211832832,1023496192,891816322,5407723080,34112,python.exe
2026-08-20T02:04:11.121867+00:00,5.6,211832832,1028349952,891821205,5407724654,34112,python.exe
2026-08-20T02:04:11.654382+00:00,5.9,211832832,1024286720,891821353,5407724792,34112,python.exe
2026-08-20T02:04:12.210772+00:00,0.0,211832832,1030852608,891821462,5407724918,34112,python.exe
2026-08-20T02:04:12.862410+00:00,4.8,211832832,1030721536,891826505,5407728839,34112,python.exe
2026-08-20T02:04:13.397545+00:00,5.8,211832832,1002246144,891826560,5407728905,34112,python.exe
2026-08-20T02:04:13.926725+00:00,0.0,211832832,1004769280,891826615,5407728905,34112,python.exe
2026-08-20T02:04:14.469211+00:00,0.0,211832832,966213632,891826670,5407729037,34112,python.exe
2026-08-20T02:04:15.057405+00:00,0.0,211832832,941973504,891826736,5407729037,34112,python.exe
2026-08-20T02:04:15.649276+00:00,0.0,211832832,915615744,891826995,5407729327,34112,python.exe
2026-08-20T02:04:16.192707+00:00,2.9,211832832,911437824,891827037,5407729387,34112,python.exe
2026-08-20T02:04:16.724400+00:00,2.9,211832832,914255872,891827093,5407729453,34112,python.exe
2026-08-20T02:04:17.277898+00:00,0.0,211832832,885669888,891827418,5407729771,34112,python.exe
2026-08-20T02:04:17.855979+00:00,5.4,211832832,845201408,891827528,5407729903,34112,python.exe
2026-08-20T02:04:18.927391+00:00,2.9,211771392,843526144,891832518,5407731132,34112,python.exe
2026-08-20T02:04:19.818686+00:00,0.0,211771392,774582272,891840376,5407737072,34112,python.exe
2026-08-20T02:04:20.487192+00:00,2.3,211771392,737009664,891843047,5407744564,34112,python.exe
2026-08-20T02:04:21.035278+00:00,0.0,211771392,753012736,891843102,5407744630,34112,python.exe
2026-08-20T02:04:21.682605+00:00,2.4,211771392,532238336,891847126,5407745967,34112,python.exe
2026-08-20T02:04:22.246028+00:00,2.8,211771392,852668416,891848371,5407746562,34112,python.exe
2026-08-20T02:04:22.772968+00:00,3.0,211771392,854904832,891857794,5407754858,34112,python.exe
2026-08-20T02:04:23.300426+00:00,0.0,211771392,838512640,891858065,5407755320,34112,python.exe
2026-08-20T02:04:23.955190+00:00,0.0,211771392,871260160,891860109,5407757315,34112,python.exe
2026-08-20T02:04:24.482505+00:00,0.0,211771392,848547840,891864274,5407763255,34112,python.exe
2026-08-20T02:04:25.032185+00:00,2.8,211771392,853225472,891867215,5407769818,34112,python.exe
2026-08-20T02:04:25.555291+00:00,0.0,211771392,850038784,891873374,5407777812,34112,python.exe
2026-08-20T02:04:26.079285+00:00,3.0,211771392,863694848,891873483,5407780044,34112,python.exe
2026-08-20T02:04:26.626966+00:00,2.9,211771392,884797440,891873538,5407780110,34112,python.exe
2026-08-20T02:04:27.155571+00:00,0.0,211771392,896266240,891873825,5407780383,34112,python.exe
2026-08-20T02:04:27.681959+00:00,0.0,211771392,878931968,891873989,5407780569,34112,python.exe
2026-08-20T02:04:28.263873+00:00,0.0,211771392,861286400,891887563,5407790680,34112,python.exe
2026-08-20T02:04:28.790679+00:00,0.0,211771392,854073344,891887673,5407790806,34112,python.exe
2026-08-20T02:04:29.476554+00:00,0.0,211771392,851795968,891887930,5407790899,34112,python.exe
2026-08-20T02:04:30.010324+00:00,0.0,211771392,875925504,891888170,5407791124,34112,python.exe
2026-08-20T02:04:30.532175+00:00,3.0,211771392,902250496,891888427,5407791501,34112,python.exe
2026-08-20T02:04:31.105692+00:00,0.0,211771392,889896960,891888482,5407791567,34112,python.exe
2026-08-20T02:04:31.630569+00:00,3.0,211771392,911138816,891888619,5407791705,34112,python.exe
2026-08-20T02:04:32.185673+00:00,0.0,211771392,885153792,891888619,5407791771,34112,python.exe
2026-08-20T02:04:32.772150+00:00,0.0,211771392,922320896,891888838,5407791963,34112,python.exe
2026-08-20T02:04:33.299067+00:00,0.0,211771392,916307968,891888839,5407792029,34112,python.exe
2026-08-20T02:04:33.829320+00:00,0.0,211771392,914063360,891889016,5407792089,34112,python.exe
2026-08-20T02:04:34.376179+00:00,2.9,211771392,911245312,891896159,5407806619,34112,python.exe
2026-08-20T02:04:34.899668+00:00,0.0,211771392,907276288,891896501,5407807814,34112,python.exe
2026-08-20T02:04:35.423458+00:00,3.0,211771392,900096000,891901259,5407811187,34112,python.exe
2026-08-20T02:04:35.951292+00:00,0.0,211771392,898756608,891904225,5407812574,34112,python.exe
2026-08-20T02:04:36.578687+00:00,2.5,211775488,899506176,891906025,5407816811,34112,python.exe
2026-08-20T02:04:37.118641+00:00,0.0,211775488,932896768,891909350,5407818757,34112,python.exe
2026-08-20T02:04:37.653038+00:00,2.9,211775488,928391168,891909622,5407819184,34112,python.exe
2026-08-20T02:04:38.186629+00:00,5.9,211775488,904163328,891909677,5407819250,34112,python.exe
2026-08-20T02:04:38.712618+00:00,0.0,211775488,893919232,891909731,5407819376,34112,python.exe
2026-08-20T02:04:39.299627+00:00,0.0,211775488,878989312,891913090,5407820868,34112,python.exe
2026-08-20T02:04:39.836667+00:00,0.0,211775488,851345408,892024945,5407830712,34112,python.exe
2026-08-20T02:04:40.369392+00:00,0.0,211775488,858574848,892027378,5407832080,34112,python.exe
2026-08-20T02:04:40.918884+00:00,5.7,211775488,877207552,892032773,5407833615,34112,python.exe
2026-08-20T02:04:41.456175+00:00,0.0,211775488,868741120,892034003,5407857936,34112,python.exe
2026-08-20T02:04:41.986477+00:00,0.0,211775488,868667392,892035494,5407885683,34112,python.exe
2026-08-20T02:04:42.517285+00:00,0.0,211775488,880029696,892035549,5407885683,34112,python.exe
2026-08-20T02:04:43.073738+00:00,2.8,211775488,885551104,892036764,5407885875,34112,python.exe
2026-08-20T02:04:43.610859+00:00,5.8,211775488,891166720,892036873,5407886338,34112,python.exe
2026-08-20T02:04:44.143583+00:00,0.0,211775488,895565824,892039789,5407892042,34112,python.exe
2026-08-20T02:04:44.673382+00:00,0.0,211775488,879132672,892040454,5407893248,34112,python.exe
2026-08-20T02:04:45.205196+00:00,0.0,211775488,882089984,892046264,5407896381,34112,python.exe
2026-08-20T02:04:45.733959+00:00,0.0,211775488,881700864,892050375,5407906549,34112,python.exe
2026-08-20T02:04:46.263273+00:00,3.0,211775488,886910976,892050430,5407906615,34112,python.exe
2026-08-20T02:04:46.802119+00:00,0.0,211775488,910577664,892050538,5407906675,34112,python.exe
2026-08-20T02:04:47.347318+00:00,0.0,211775488,910094336,892051606,5407907264,34112,python.exe
2026-08-20T02:04:47.887362+00:00,0.0,211775488,909041664,892051834,5407907557,34112,python.exe
2026-08-20T02:04:48.415404+00:00,3.0,211775488,879120384,892051889,5407907623,34112,python.exe
2026-08-20T02:04:48.936942+00:00,0.0,211775488,881385472,892051943,5407907683,34112,python.exe
2026-08-20T02:04:49.463169+00:00,0.0,211775488,883089408,892054086,5407909927,34112,python.exe
2026-08-20T02:04:49.987860+00:00,3.0,211775488,884936704,892055765,5407910636,34112,python.exe
2026-08-20T02:04:50.519138+00:00,0.0,211775488,903405568,892056076,5407911015,34112,python.exe
2026-08-20T02:04:51.056028+00:00,2.9,211775488,916369408,892056076,5407911015,34112,python.exe
2026-08-20T02:04:51.585214+00:00,3.0,211775488,909422592,892060265,5407912071,34112,python.exe
2026-08-20T02:04:52.116282+00:00,0.0,211775488,900313088,892060319,5407912641,34112,python.exe
2026-08-20T02:04:52.647009+00:00,0.0,211775488,897863680,892060429,5407912773,34112,python.exe
2026-08-20T02:04:53.170625+00:00,3.0,211775488,904749056,892061497,5407913296,34112,python.exe
2026-08-20T02:04:53.706632+00:00,0.0,211775488,897937408,892061714,5407917597,34112,python.exe
2026-08-20T02:04:54.296211+00:00,0.0,211775488,872710144,892061769,5407917663,34112,python.exe
2026-08-20T02:04:54.828405+00:00,2.9,211775488,889565184,892061824,5407917729,34112,python.exe
2026-08-20T02:05:02.343021+00:00,40.0,225705984,832024576,892114594,5408015301,34112,python.exe
2026-08-20T02:05:02.955955+00:00,17.8,225898496,832389120,892114715,5408015427,34112,python.exe
2026-08-20T02:05:03.506882+00:00,45.4,225923072,817369088,892114715,5408015487,34112,python.exe
2026-08-20T02:05:04.045858+00:00,43.5,225943552,822149120,892114824,5408015673,34112,python.exe
2026-08-20T02:28:14.686282+00:00,0.0,224104448,1401233408,896023971,5415133016,6968,python.exe
2026-08-20T02:28:15.215339+00:00,11.8,224202752,1404043264,896025571,5415133454,6968,python.exe
2026-08-20T02:28:15.743055+00:00,8.9,224202752,1401368576,896025626,5415133580,6968,python.exe
2026-08-20T02:28:16.265623+00:00,3.0,224202752,1390710784,896025626,5415133580,6968,python.exe
2026-08-20T02:28:16.791075+00:00,0.0,224202752,1384136704,896025681,5415133646,6968,python.exe
2026-08-20T02:28:17.319788+00:00,8.9,224202752,1385213952,896027085,5415134560,6968,python.exe
2026-08-20T02:28:17.842501+00:00,3.0,224202752,1384792064,896027249,5415134837,6968,python.exe
2026-08-20T02:28:18.365724+00:00,6.0,224202752,1401298944,896027249,5415134837,6968,python.exe
2026-08-20T02:28:18.892894+00:00,3.0,224202752,1401540608,896027304,5415134903,6968,python.exe
2026-08-20T02:28:19.413666+00:00,27.0,224202752,1375236096,896027304,5415134903,6968,python.exe
2026-08-20T02:28:19.957460+00:00,0.0,224202752,1382293504,896027359,5415134969,6968,python.exe
2026-08-20T02:28:20.492337+00:00,2.9,224202752,1364389888,896027359,5415134969,6968,python.exe
2026-08-20T02:28:21.036960+00:00,5.7,224202752,1374973952,896028095,5415136075,6968,python.exe
2026-08-20T02:28:21.561759+00:00,11.9,224202752,1396002816,896028149,5415136201,6968,python.exe
2026-08-20T02:28:22.085113+00:00,0.0,224202752,1403539456,896033101,5415137368,6968,python.exe
2026-08-20T02:28:22.609293+00:00,0.0,224202752,1403371520,896033209,5415137658,6968,python.exe
2026-08-20T02:28:23.138574+00:00,0.0,224202752,1404420096,896033319,5415137790,6968,python.exe
2026-08-20T02:28:23.730501+00:00,13.2,224202752,1419833344,896033412,5415137943,6968,python.exe
2026-08-20T02:28:24.255901+00:00,0.0,224202752,1440227328,896033521,5415138009,6968,python.exe
2026-08-20T02:28:24.782776+00:00,3.0,224202752,1447710720,896033603,5415138147,6968,python.exe
2026-08-20T02:28:25.317081+00:00,5.8,224202752,1434517504,896033658,5415138213,6968,python.exe
2026-08-20T02:28:25.841642+00:00,6.0,224202752,1438265344,896033658,5415138213,6968,python.exe
2026-08-20T02:28:26.363427+00:00,0.0,224202752,1422495744,896033713,5415138279,6968,python.exe
2026-08-20T02:28:26.885031+00:00,3.0,224202752,1423192064,896033767,5415138339,6968,python.exe
2026-08-20T02:28:27.407536+00:00,9.0,224202752,1420746752,896033877,5415138339,6968,python.exe
2026-08-20T02:28:27.932039+00:00,3.0,224202752,1420505088,896033877,5415138471,6968,python.exe
2026-08-20T02:28:28.497284+00:00,11.1,224202752,1444847616,896033998,5415138531,6968,python.exe
2026-08-20T02:28:29.044953+00:00,0.0,224202752,1445203968,896033998,5415138597,6968,python.exe
2026-08-20T02:28:29.569254+00:00,6.0,224202752,1422168064,896034149,5415138717,6968,python.exe
2026-08-20T02:28:30.094544+00:00,0.0,224202752,1418182656,896034149,5415138783,6968,python.exe
2026-08-20T02:28:30.623161+00:00,3.0,224202752,1424797696,896034149,5415138783,6968,python.exe
2026-08-20T02:28:31.151845+00:00,3.0,224202752,1425788928,896034312,5415138969,6968,python.exe
2026-08-20T02:28:31.677547+00:00,11.9,224202752,1445244928,896034312,5415138969,6968,python.exe
2026-08-20T02:28:32.205189+00:00,5.9,224202752,1448878080,896034715,5415139281,6968,python.exe
2026-08-20T02:28:32.726968+00:00,6.0,224219136,1454153728,896034899,5415139949,6968,python.exe
2026-08-20T02:28:33.254323+00:00,5.9,224219136,1455730688,896035719,5415140617,6968,python.exe
2026-08-20T02:28:33.780863+00:00,0.0,224219136,1459855360,896038316,5415148200,6968,python.exe
2026-08-20T02:28:34.306196+00:00,0.0,224219136,1457102848,896038425,5415148359,6968,python.exe
2026-08-20T02:28:34.828745+00:00,6.0,224219136,1456795648,896038480,5415148425,6968,python.exe
2026-08-20T02:28:35.354653+00:00,5.9,224219136,1452380160,896038658,5415148491,6968,python.exe
2026-08-20T02:28:35.876235+00:00,3.0,224219136,1450430464,896041803,5415149937,6968,python.exe
2026-08-20T02:28:36.398041+00:00,6.0,224219136,1436520448,896041858,5415150069,6968,python.exe
2026-08-20T02:28:36.921147+00:00,3.0,224219136,1433260032,896041858,5415150069,6968,python.exe
2026-08-20T02:28:37.450638+00:00,17.7,224219136,1427574784,896041913,5415150135,6968,python.exe
2026-08-20T02:28:37.977674+00:00,0.0,224219136,1423290368,896045118,5415151528,6968,python.exe
2026-08-20T02:28:38.508510+00:00,0.0,224219136,1442627584,896045173,5415151654,6968,python.exe
2026-08-20T02:28:39.048313+00:00,2.9,224219136,1444544512,896045173,5415151654,6968,python.exe
2026-08-20T02:28:39.571713+00:00,11.9,224219136,1423761408,896045228,5415151720,6968,python.exe
2026-08-20T02:28:40.095543+00:00,6.0,224219136,1425440768,896045228,5415151720,6968,python.exe
2026-08-20T02:28:40.620196+00:00,3.0,224219136,1449598976,896045338,5415151852,6968,python.exe
2026-08-20T02:28:41.161703+00:00,0.0,224219136,1448988672,896047943,5415152337,6968,python.exe
2026-08-20T02:28:41.698628+00:00,11.6,224219136,1478221824,896048106,5415152523,6968,python.exe
2026-08-20T02:28:42.226155+00:00,3.0,224219136,1467117568,896048455,5415152775,6968,python.exe
2026-08-20T02:28:42.750922+00:00,3.0,224219136,1526521856,896048619,5415152967,6968,python.exe
2026-08-20T02:28:43.274856+00:00,14.9,224219136,1529475072,896048728,5415153093,6968,python.exe
2026-08-20T02:28:43.805517+00:00,0.0,224219136,1530470400,896048783,5415153159,6968,python.exe
2026-08-20T02:28:44.335285+00:00,0.0,224219136,1530908672,896048930,5415153312,6968,python.exe
2026-08-20T02:28:44.863857+00:00,5.9,224219136,1530040320,896049067,5415153450,6968,python.exe
2026-08-20T02:28:45.385826+00:00,9.0,224219136,1528528896,896049528,5415153576,6968,python.exe
2026-08-20T02:28:45.922178+00:00,8.7,224219136,1528061952,896050137,5415154956,6968,python.exe
2026-08-20T02:28:46.445166+00:00,3.0,224219136,1512062976,896050274,5415155489,6968,python.exe
2026-08-20T02:28:46.970650+00:00,5.9,224219136,1507512320,896052299,5415169163,6968,python.exe
2026-08-20T02:28:47.516431+00:00,8.6,224219136,1507422208,896054710,5415172013,6968,python.exe
2026-08-20T02:28:48.036746+00:00,3.0,224219136,1490526208,896054830,5415172186,6968,python.exe
2026-08-20T02:28:48.556865+00:00,0.0,224219136,1509462016,896054940,5415172318,6968,python.exe
2026-08-20T02:28:49.079113+00:00,6.0,224219136,1508057088,896054940,5415172318,6968,python.exe
2026-08-20T02:28:49.657835+00:00,8.1,224219136,1493409792,896059671,5415175558,6968,python.exe
2026-08-20T02:28:50.187765+00:00,2.9,224219136,1491689472,896065920,5415178355,6968,python.exe
2026-08-20T02:28:50.707908+00:00,3.0,224219136,1497313280,896066365,5415180152,6968,python.exe
2026-08-20T02:28:51.238325+00:00,11.8,224219136,1489371136,896066485,5415180335,6968,python.exe
2026-08-20T02:28:51.772313+00:00,0.0,224219136,1517363200,896071562,5415185296,6968,python.exe
2026-08-20T02:28:52.294457+00:00,3.0,224219136,1506885632,896077971,5415187929,6968,python.exe
2026-08-20T02:28:52.819263+00:00,0.0,224219136,1515503616,896081038,5415193543,6968,python.exe
2026-08-20T02:28:53.344579+00:00,3.0,224219136,1517244416,896083099,5415196305,6968,python.exe
2026-08-20T02:28:53.866170+00:00,3.0,224219136,1516285952,896083209,5415196503,6968,python.exe
2026-08-20T02:28:54.391306+00:00,6.0,224219136,1517379584,896083442,5415196656,6968,python.exe
2026-08-20T02:28:54.919014+00:00,3.0,224219136,1511612416,896084274,5415202559,6968,python.exe
2026-08-20T02:28:55.444456+00:00,5.9,224219136,1515606016,896089613,5415202947,6968,python.exe
2026-08-20T02:28:55.972066+00:00,3.0,224219136,1518198784,896090113,5415203722,6968,python.exe
2026-08-20T02:28:56.495964+00:00,0.0,224219136,1495875584,896092715,5415204234,6968,python.exe
2026-08-20T02:28:57.040163+00:00,5.7,224219136,1500442624,896092945,5415204944,6968,python.exe
2026-08-20T02:28:57.564595+00:00,6.0,224219136,1500807168,896092945,5415204944,6968,python.exe
2026-08-20T02:28:58.091548+00:00,0.0,224219136,1502081024,896093000,5415205010,6968,python.exe
2026-08-20T02:28:58.615549+00:00,6.0,224219136,1520922624,896093055,5415205010,6968,python.exe
2026-08-20T02:28:59.159858+00:00,2.9,224219136,1521688576,896093176,5415205142,6968,python.exe
2026-08-20T02:28:59.683697+00:00,14.9,224219136,1501044736,896093293,5415205202,6968,python.exe
2026-08-20T02:29:00.207831+00:00,6.0,224219136,1487601664,896093348,5415205268,6968,python.exe
2026-08-20T02:29:00.735596+00:00,5.9,224219136,1491169280,896093403,5415205334,6968,python.exe
2026-08-20T02:29:01.259950+00:00,11.9,224219136,1491554304,896093458,5415205400,6968,python.exe
2026-08-20T02:29:01.781588+00:00,0.0,224219136,1499852800,896093551,5415205493,6968,python.exe
2026-08-20T02:29:02.311471+00:00,0.0,224219136,1506574336,896093915,5415205706,6968,python.exe
2026-08-20T02:29:02.836831+00:00,3.0,224219136,1503744000,896093981,5415205772,6968,python.exe
2026-08-20T02:29:03.355262+00:00,3.0,224219136,1515311104,896094090,5415205832,6968,python.exe
2026-08-20T02:29:03.882054+00:00,5.9,224219136,1516511232,896094145,5415205898,6968,python.exe
2026-08-20T02:29:04.411278+00:00,3.0,224219136,1488330752,896094292,5415206177,6968,python.exe
2026-08-20T02:29:04.940964+00:00,2.9,224219136,1485029376,896094537,5415206441,6968,python.exe
2026-08-20T02:29:05.464947+00:00,8.9,224219136,1472532480,896094714,5415206680,6968,python.exe
2026-08-20T02:29:06.001487+00:00,0.0,224219136,1456504832,896094823,5415206746,6968,python.exe
2026-08-20T02:29:06.526662+00:00,3.0,224219136,1474199552,896094823,5415206806,6968,python.exe
2026-08-20T02:29:07.064387+00:00,0.0,224219136,1478283264,896094933,5415206872,6968,python.exe
2026-08-20T02:29:07.588668+00:00,11.9,224219136,1475559424,896094987,5415207058,6968,python.exe
2026-08-20T02:29:08.105457+00:00,6.0,224219136,1473593344,896095097,5415207190,6968,python.exe
2026-08-20T02:29:08.639451+00:00,2.9,224219136,1490571264,896095381,5415207572,6968,python.exe
2026-08-20T02:29:09.166539+00:00,3.0,224219136,1457795072,896095491,5415207704,6968,python.exe
2026-08-20T02:29:09.694098+00:00,5.9,224219136,1473617920,896095491,5415207764,6968,python.exe
2026-08-20T02:29:10.219005+00:00,0.0,224219136,1476575232,896095546,5415207830,6968,python.exe
2026-08-20T02:29:10.741651+00:00,0.0,224219136,1470619648,896095546,5415207890,6968,python.exe
2026-08-20T02:29:11.270469+00:00,11.8,224219136,1472430080,896098358,5415208501,6968,python.exe
2026-08-20T02:29:11.798042+00:00,3.0,224219136,1492271104,896098493,5415208714,6968,python.exe
2026-08-20T02:29:12.320362+00:00,6.0,224219136,1496473600,896098857,5415208993,6968,python.exe
2026-08-20T02:29:12.846718+00:00,0.0,224219136,1497137152,896098857,5415209053,6968,python.exe
2026-08-20T02:29:13.372691+00:00,8.9,224219136,1499185152,896099140,5415209179,6968,python.exe
2026-08-20T02:29:13.896057+00:00,0.0,224219136,1493520384,896099206,5415209792,6968,python.exe
2026-08-20T02:29:14.418944+00:00,3.0,224219136,1482915840,896100287,5415212894,6968,python.exe
2026-08-20T02:29:14.947207+00:00,3.0,224219136,1494851584,896100978,5415213020,6968,python.exe
2026-08-20T02:29:15.466005+00:00,12.0,224219136,1484750848,896103335,5415215612,6968,python.exe
2026-08-20T02:29:15.989227+00:00,0.0,224219136,1489825792,896103336,5415215672,6968,python.exe
2026-08-20T02:29:16.512008+00:00,0.0,224219136,1468678144,896103392,5415215738,6968,python.exe
2026-08-20T02:29:17.050656+00:00,2.9,224219136,1476907008,896103392,5415215798,6968,python.exe
2026-08-20T02:00:39.589075+00:00,41.3,203149312,458006528,890467774,5404860864,34112,python.exe
2026-08-20T02:00:40.128358+00:00,92.7,206438400,456163328,890468530,5404862123,34112,python.exe
2026-08-20T02:00:40.660757+00:00,64.6,206512128,448241664,890473868,5404863369,34112,python.exe
2026-08-20T02:00:41.203003+00:00,109.5,206614528,449019904,890474042,5404863940,34112,python.exe
2026-08-20T02:00:41.743525+00:00,66.5,206626816,462135296,890474352,5404864237,34112,python.exe
2026-08-20T02:00:42.274144+00:00,64.8,206643200,456736768,890474460,5404864357,34112,python.exe
2026-08-20T02:00:42.838869+00:00,33.2,206639104,432263168,890474515,5404864423,34112,python.exe
2026-08-20T02:00:43.406842+00:00,5.5,206639104,438878208,890474623,5404864543,34112,python.exe
2026-08-20T02:00:43.937209+00:00,14.7,206639104,457678848,890474678,5404864609,34112,python.exe
2026-08-20T02:00:44.507053+00:00,11.0,206639104,461848576,890474678,5404864609,34112,python.exe
2026-08-20T02:00:45.077380+00:00,8.2,206639104,472522752,890474733,5404864675,34112,python.exe
2026-08-20T02:00:45.653667+00:00,5.4,206639104,466632704,890479955,5404869311,34112,python.exe
2026-08-20T02:00:46.183548+00:00,11.8,206639104,456937472,890480010,5404869377,34112,python.exe
2026-08-20T02:00:46.719095+00:00,17.5,206639104,467791872,890482574,5404869968,34112,python.exe
2026-08-20T02:00:47.303819+00:00,53.4,206647296,465055744,890510539,5404876761,34112,python.exe
2026-08-20T02:00:47.831199+00:00,77.0,206651392,439132160,890521288,5404877766,34112,python.exe
2026-08-20T02:00:48.389236+00:00,39.2,206651392,439517184,890521343,5404877832,34112,python.exe
2026-08-20T02:00:48.915917+00:00,94.9,206655488,438673408,890521343,5404877832,34112,python.exe
2026-08-20T02:04:58.859738+00:00,32.4,218873856,849543168,892090750,5407977575,34112,python.exe
2026-08-20T02:04:59.416439+00:00,64.6,218902528,848576512,892093260,5407978308,34112,python.exe
2026-08-20T02:05:16.650191+00:00,94.5,228487168,807157760,892151260,5408070251,34112,python.exe
2026-08-20T02:05:17.323805+00:00,71.9,229310464,813379584,892152824,5408071598,34112,python.exe
2026-08-20T02:05:12.797580+00:00,0.0,233775104,856535040,892134847,5408033597,34112,python.exe
2026-08-20T02:05:13.343840+00:00,48.6,234254336,847986688,892135117,5408034988,34112,python.exe
2026-08-20T02:05:22.810438+00:00,42.2,230391808,827064320,892173447,5408110122,34112,python.exe
2026-08-20T02:05:23.456365+00:00,87.1,231915520,823824384,892173502,5408110308,34112,python.exe
2026-08-20T02:05:20.131313+00:00,54.6,234676224,807059456,892155984,5408084102,34112,python.exe
2026-08-20T02:05:09.795040+00:00,0.0,227586048,801193984,892127584,5408028386,34112,python.exe
2026-08-20T02:05:10.362116+00:00,88.2,228052992,817688576,892127915,5408028699,34112,python.exe
2026-08-20T02:05:06.606149+00:00,45.4,221958144,811651072,892121443,5408019907,34112,python.exe
2026-08-20T02:05:07.146391+00:00,60.7,221990912,835485696,892122534,5408023921,34112,python.exe
2026-08-20T02:05:33.984072+00:00,0.0,242606080,885972992,892217399,5408207981,34112,python.exe
2026-08-20T02:05:34.562449+00:00,37.8,232038400,888442880,892217453,5408208041,34112,python.exe
2026-08-20T02:05:35.221982+00:00,73.4,233119744,890343424,892217631,5408208226,34112,python.exe
2026-08-20T02:05:35.781789+00:00,36.3,233811968,892239872,892227570,5408219307,34112,python.exe
2026-08-20T02:05:25.823093+00:00,32.5,236539904,837926912,892174682,5408115647,34112,python.exe
2026-08-20T02:05:26.366389+00:00,17.3,236797952,828440576,892174792,5408115965,34112,python.exe
2026-08-20T02:05:26.995957+00:00,17.4,236797952,822702080,892175860,5408117235,34112,python.exe
2026-08-20T02:09:12.527816+00:00,53.7,236580864,1535533056,893599745,5411324956,34112,python.exe
2026-08-20T02:09:13.058798+00:00,61.8,236662784,1526325248,893600771,5411325148,34112,python.exe
2026-08-20T02:09:13.586028+00:00,88.9,236662784,1527242752,893600879,5411325697,34112,python.exe
2026-08-20T02:09:07.390290+00:00,131.0,239460352,1536663552,893568804,5411306993,34112,python.exe
2026-08-20T02:09:32.988194+00:00,65.2,247795712,1579786240,893634168,5411357993,34112,python.exe
2026-08-20T02:09:33.518040+00:00,132.7,248860672,1576796160,893634168,5411357993,34112,python.exe
2026-08-20T02:09:28.737452+00:00,0.0,242245632,1568886784,893630792,5411355444,34112,python.exe
2026-08-20T02:09:42.441031+00:00,60.0,249462784,1554939904,893654494,5411377516,34112,python.exe
2026-08-20T02:09:42.973606+00:00,149.6,252497920,1557696512,893654548,5411377696,34112,python.exe
2026-08-20T02:09:37.789509+00:00,0.0,242548736,1598107648,893646666,5411372827,34112,python.exe
2026-08-20T02:09:23.498445+00:00,0.0,247717888,1573376000,893617636,5411343085,34112,python.exe
2026-08-20T02:09:24.079371+00:00,99.5,237035520,1593004032,893617838,5411343304,34112,python.exe
2026-08-20T02:09:17.988518+00:00,0.0,242139136,1521823744,893609485,5411339151,34112,python.exe
2026-08-20T02:09:18.529203+00:00,52.0,242364416,1475723264,893609540,5411339397,34112,python.exe
2026-08-20T02:09:51.358068+00:00,48.3,253718528,1551003648,893666919,5411394740,34112,python.exe
2026-08-20T02:09:51.894302+00:00,125.3,256774144,1541394432,893671197,5411396224,34112,python.exe
2026-08-20T02:09:46.674087+00:00,67.1,248074240,1536323584,893659473,5411386757,34112,python.exe
2026-08-20T02:14:58.855400+00:00,86.0,252821504,1888186368,894130083,5412198343,34112,python.exe
2026-08-20T02:14:59.380231+00:00,80.4,252891136,1879162880,894130305,5412198939,34112,python.exe
2026-08-20T02:14:57.221113+00:00,0.0,246767616,1893179392,894129595,5412195483,34112,python.exe
2026-08-20T02:16:03.859067+00:00,0.0,220495872,2051403776,894440149,5412527998,30940,python.exe
2026-08-20T02:16:04.383803+00:00,125.1,221958144,2054729728,894440204,5412528124,30940,python.exe
2026-08-20T02:15:54.909723+00:00,0.0,218365952,1871728640,894421897,5412519282,30940,python.exe
2026-08-20T02:15:55.473741+00:00,60.9,220848128,1852252160,894422279,5412519574,30940,python.exe
2026-08-20T02:16:21.493212+00:00,0.0,229289984,2012663808,894458020,5412544009,30940,python.exe
2026-08-20T02:16:22.069139+00:00,95.0,231108608,2017947648,894463156,5412545396,30940,python.exe
2026-08-20T02:16:12.086900+00:00,60.0,227057664,2050846720,894453568,5412540392,30940,python.exe
2026-08-20T02:15:46.510586+00:00,0.0,210968576,1863086080,894406321,5412506277,30940,python.exe
2026-08-20T02:15:47.060739+00:00,110.8,212459520,1863688192,894406431,5412506409,30940,python.exe
2026-08-20T02:15:38.812926+00:00,84.0,203415552,1833652224,894394006,5412497454,30940,python.exe
2026-08-20T02:16:38.323925+00:00,0.0,235909120,1986449408,894473944,5412559553,30940,python.exe
2026-08-20T02:16:38.889873+00:00,102.2,229806080,1972285440,894477147,5412563238,30940,python.exe
2026-08-20T02:16:30.268102+00:00,0.0,229707776,1986609152,894466641,5412548715,30940,python.exe
2026-08-20T02:06:45.192339+00:00,0.0,243179520,1670963200,892865185,5410186491,34112,python.exe
2026-08-20T02:06:45.731945+00:00,57.9,243392512,1677074432,892865275,5410187013,34112,python.exe
2026-08-20T02:06:46.287689+00:00,39.4,243408896,1673015296,892865848,5410187199,34112,python.exe
2026-08-20T02:06:41.369081+00:00,31.3,237461504,1623728128,892855548,5410181346,34112,python.exe
2026-08-20T02:07:00.988335+00:00,17.7,228073472,1659465728,892892643,5410202765,34112,python.exe
2026-08-20T02:07:01.598282+00:00,69.2,228851712,1690591232,892892753,5410202957,34112,python.exe
2026-08-20T02:06:57.053986+00:00,0.0,236490752,1659482112,892884495,5410197940,34112,python.exe
2026-08-20T02:07:08.826699+00:00,58.8,230875136,1676804096,892902912,5410213451,34112,python.exe
2026-08-20T02:07:09.461471+00:00,103.4,232603648,1667477504,892903059,5410213604,34112,python.exe
2026-08-20T02:07:04.453898+00:00,23.4,233705472,1690738688,892895438,5410205048,34112,python.exe
2026-08-20T02:07:05.073051+00:00,70.7,234205184,1677365248,892895561,5410205168,34112,python.exe
2026-08-20T02:06:52.937790+00:00,46.0,243814400,1658703872,892877914,5410193508,34112,python.exe
2026-08-20T02:06:53.481316+00:00,138.0,244379648,1666473984,892879168,5410193787,34112,python.exe
2026-08-20T02:06:49.532634+00:00,0.0,237940736,1669967872,892869898,5410190050,34112,python.exe
2026-08-20T02:07:20.416851+00:00,0.0,233693184,1488637952,893059934,5410286702,34112,python.exe
2026-08-20T02:07:21.022055+00:00,80.0,235073536,1486356480,893060551,5410287380,34112,python.exe
2026-08-20T02:07:21.700243+00:00,55.3,235655168,1509638144,893068714,5410289763,34112,python.exe
2026-08-20T02:07:12.789077+00:00,53.8,236515328,1706737664,892925885,5410226384,34112,python.exe
2026-08-20T02:25:23.243022+00:00,0.0,231837696,1645449216,895515487,5414243078,30940,python.exe
2026-08-20T02:25:23.775573+00:00,73.3,231923712,1638236160,895516070,5414244885,30940,python.exe
2026-08-20T02:25:24.335185+00:00,64.2,231956480,1638383616,895516217,5414245038,30940,python.exe
2026-08-20T02:25:09.405403+00:00,0.0,231469056,1652281344,895457946,5414196757,30940,python.exe
2026-08-20T02:27:03.629176+00:00,0.0,226172928,1444540416,895824872,5414616329,6968,python.exe
2026-08-20T02:27:04.152465+00:00,104.5,221736960,1461604352,895824927,5414616455,6968,python.exe
2026-08-20T02:26:49.996322+00:00,16.4,225103872,1418207232,895809803,5414607197,6968,python.exe
2026-08-20T02:26:50.532984+00:00,84.4,221016064,1427935232,895811936,5414607894,6968,python.exe
2026-08-20T02:27:31.091113+00:00,36.9,222879744,1484914688,895846336,5414635545,6968,python.exe
2026-08-20T02:27:31.632455+00:00,132.8,224677888,1503797248,895846576,5414635731,6968,python.exe
2026-08-20T02:27:17.407767+00:00,0.0,226541568,1451016192,895834109,5414621999,6968,python.exe
2026-08-20T02:27:17.945105+00:00,84.3,223625216,1454694400,895834164,5414622065,6968,python.exe
2026-08-20T02:26:35.154944+00:00,23.3,219369472,1480597504,895790489,5414578765,6968,python.exe
2026-08-20T02:26:35.709283+00:00,73.3,219881472,1478721536,895793699,5414580277,6968,python.exe
2026-08-20T02:26:36.289144+00:00,78.1,219881472,1459228672,895794513,5414580864,6968,python.exe
2026-08-20T02:26:21.382958+00:00,46.1,205164544,1457688576,895774685,5414562426,6968,python.exe
2026-08-20T02:28:00.626204+00:00,56.8,226656256,1422876672,895991497,5415079392,6968,python.exe
2026-08-20T02:28:01.155837+00:00,106.2,224104448,1419866112,895991551,5415079452,6968,python.exe
2026-08-20T02:28:01.734089+00:00,51.3,224935936,1443680256,895995003,5415082422,6968,python.exe
2026-08-20T02:27:45.502551+00:00,0.0,228925440,1521254400,895886759,5414706093,6968,python.exe
2026-08-20T02:27:46.033121+00:00,91.3,223137792,1523011584,895886977,5414706345,6968,python.exe
